;ano;turno;tipo_eleicao;sigla_uf;id_municipio;id_municipio_tse;cargo;sigla_partido;numero_candidato;sequencial_candidato;id_candidato_bd;resultado;votos;total_votos;%votos;dif_votos;Aderencia;Governismo;RDD
0;2020;1;eleicao ordinaria;SP;3522505;65510;prefeito;PODE;19;250000635262;1704804;eleito;105494;106580;0.98981;0.9796199999999999;77;1;1
1;2020;1;eleicao ordinaria;SP;3522505;65510;prefeito;PDT;12;250000650083;1483673;nao eleito;1086;106580;0.01019;0.9796199999999999;48;0;1
4;2020;1;eleicao ordinaria;SP;3520608;65137;prefeito;PODE;19;250000924671;10467;eleito;1883;3139;0.59987;0.28193;77;1;1
5;2020;1;eleicao ordinaria;SP;3520608;65137;prefeito;PSDB;45;250001017867;1126574;nao eleito;998;3139;0.31794;0.28193;92;0;1
12;2020;1;eleicao ordinaria;SP;3524204;65854;prefeito;PODE;19;250000849230;1087537;eleito;2213;4262;0.51924;0.06992000000000004;77;1;1
13;2020;1;eleicao ordinaria;SP;3524204;65854;prefeito;PSDB;45;250001193498;1216331;nao eleito;1915;4262;0.44932;0.06992000000000004;92;0;1
14;2020;1;eleicao ordinaria;SP;3548054;61328;prefeito;PODE;19;250000720088;1167945;nao eleito;2751;5781;0.47587;0.04825999999999997;77;1;1
15;2020;1;eleicao ordinaria;SP;3548054;61328;prefeito;PSDB;45;250000781680;551216;eleito;3030;5781;0.52413;0.04825999999999997;92;0;1
16;2020;1;eleicao ordinaria;SP;3550605;71137;prefeito;PODE;19;250000675805;1441693;eleito;17669;37663;0.46913;0.03953000000000001;77;1;1
17;2020;1;eleicao ordinaria;SP;3550605;71137;prefeito;PSDB;45;250001209749;1107903;nao eleito;16180;37663;0.4296;0.03953000000000001;92;0;1
18;2020;1;eleicao ordinaria;SP;3547106;70432;prefeito;PODE;19;250001166011;53966;nao eleito;960;2071;0.46354;0.07292000000000004;77;1;1
19;2020;1;eleicao ordinaria;SP;3547106;70432;prefeito;PSDB;45;250000954118;309623;eleito;1111;2071;0.53646;0.07292000000000004;92;0;1
30;2020;1;eleicao ordinaria;SP;3528304;66672;prefeito;PODE;19;250001083330;1717795;nao eleito;913;2301;0.39678;0.20643999999999996;77;1;1
31;2020;1;eleicao ordinaria;SP;3528304;66672;prefeito;PSDB;45;250001101948;1692471;eleito;1388;2301;0.60322;0.20643999999999996;92;0;1
40;2020;1;eleicao ordinaria;SP;3544103;69833;prefeito;PODE;19;250000664124;1389662;eleito;8656;23998;0.3607;0.01796000000000003;77;1;1
41;2020;1;eleicao ordinaria;SP;3544103;69833;prefeito;PSB;40;250001078485;29475;nao eleito;8225;23998;0.34274;0.01796000000000003;46;0;1
48;2020;1;eleicao ordinaria;SP;3522109;65439;prefeito;PODE;19;250000748780;1537869;nao eleito;15424;47300;0.32609;0.08338000000000001;77;1;1
49;2020;1;eleicao ordinaria;SP;3522109;65439;prefeito;PSDB;45;250000661168;1660021;eleito;19368;47300;0.40947;0.08338000000000001;92;0;1
56;2020;2;eleicao ordinaria;SP;3530607;67130;prefeito;PODE;19;250000780243;1690850;eleito;114656;386904;0.29634;0.08514;77;1;1
57;2020;2;eleicao ordinaria;SP;3530607;67130;prefeito;PSDB;45;250000720963;1466177;nao eleito;81714;386904;0.2112;0.08514;92;0;1
60;2020;1;eleicao ordinaria;SP;3554805;71978;prefeito;PODE;19;250001074001;1678013;nao eleito;5482;19220;0.28522;0.0922;77;1;1
61;2020;1;eleicao ordinaria;SP;3554805;71978;prefeito;PSDB;45;250000632478;1254585;eleito;7254;19220;0.37742;0.0922;92;0;1
64;2020;2;eleicao ordinaria;SP;3551009;71218;prefeito;PODE;19;250000665261;1793886;eleito;90876;324296;0.28023;0.06275999999999998;77;1;1
65;2020;2;eleicao ordinaria;SP;3551009;71218;prefeito;PSDB;45;250001119403;1413852;nao eleito;70526;324296;0.21747;0.06275999999999998;92;0;1
66;2020;1;eleicao ordinaria;SP;3533601;67733;prefeito;PODE;19;250000956244;1395368;nao eleito;1306;4710;0.27728;0.18725999999999998;77;1;1
67;2020;1;eleicao ordinaria;SP;3533601;67733;prefeito;PSDB;45;250000958432;1746287;eleito;2188;4710;0.46454;0.18725999999999998;92;0;1
74;2020;1;eleicao ordinaria;SP;3515152;61689;prefeito;PODE;19;250000994245;83118;nao eleito;2720;10655;0.25528;0.13909;77;1;1
75;2020;1;eleicao ordinaria;SP;3515152;61689;prefeito;PSB;40;250000799784;832355;eleito;4202;10655;0.39437;0.13909;46;0;1
78;2020;2;eleicao ordinaria;SP;3552809;71579;prefeito;PODE;19;250000678328;332316;eleito;67853;269775;0.25152;0.006290000000000018;77;1;1
79;2020;2;eleicao ordinaria;SP;3552809;71579;prefeito;PSDB;45;250000673436;2288;nao eleito;66158;269775;0.24523;0.006290000000000018;92;0;1
86;2020;1;eleicao ordinaria;SP;3502101;61417;prefeito;PODE;19;250001224590;1156446;nao eleito;6343;31891;0.1989;0.58377;77;1;1
87;2020;1;eleicao ordinaria;SP;3502101;61417;prefeito;PSDB;45;250000841117;551003;eleito;24960;31891;0.78267;0.58377;92;0;1
88;2020;1;eleicao ordinaria;SP;3551900;71390;prefeito;PODE;19;250001166484;1554601;nao eleito;1775;9409;0.18865;0.55404;77;1;1
89;2020;1;eleicao ordinaria;SP;3551900;71390;prefeito;PSDB;45;250000999052;1278696;eleito;6988;9409;0.74269;0.55404;92;0;1
98;2020;1;eleicao ordinaria;SP;3555604;72133;prefeito;PODE;19;250000910931;1155793;nao eleito;410;3058;0.13407;0.73186;77;1;1
99;2020;1;eleicao ordinaria;SP;3555604;72133;prefeito;PSDB;45;250001122153;1363370;nao eleito;2648;3058;0.86593;0.73186;92;0;1
102;2020;1;eleicao ordinaria;SP;3511508;63312;prefeito;PODE;19;250001122724;14840;nao eleito;2370;22780;0.10404;0.7489;77;1;1
103;2020;1;eleicao ordinaria;SP;3511508;63312;prefeito;PSDB;45;250001000216;1633912;eleito;19430;22780;0.85294;0.7489;92;0;1
106;2020;1;eleicao ordinaria;SP;3508108;62634;prefeito;REPUBLICANOS;10;250000870308;1667613;eleito;6753;6922;0.97559;0.9511799999999999;91;1;1
107;2020;1;eleicao ordinaria;SP;3516309;64270;prefeito;REPUBLICANOS;10;250000632397;1689624;eleito;72351;83171;0.86991;0.8087099999999999;91;1;1
108;2020;1;eleicao ordinaria;SP;3516309;64270;prefeito;PDT;12;250000672102;1321587;nao eleito;5090;83171;0.0612;0.8087099999999999;48;0;1
111;2020;1;eleicao ordinaria;SP;3515350;61000;prefeito;REPUBLICANOS;10;250001007869;54271;eleito;3530;4843;0.72889;0.45778;91;1;1
112;2020;1;eleicao ordinaria;SP;3515350;61000;prefeito;PSDB;45;250001219151;564871;nao eleito;1313;4843;0.27111;0.45778;92;0;1
113;2020;1;eleicao ordinaria;SP;3502002;61395;prefeito;REPUBLICANOS;10;250000810120;567972;eleito;1400;1971;0.7103;0.42060000000000003;91;1;1
114;2020;1;eleicao ordinaria;SP;3502002;61395;prefeito;PDT;12;250000638601;1481094;nao eleito;571;1971;0.2897;0.42060000000000003;48;0;1
115;2020;1;eleicao ordinaria;SP;3544608;69930;prefeito;REPUBLICANOS;10;250001101567;24154;eleito;2402;3382;0.71023;0.48817;91;1;1
116;2020;1;eleicao ordinaria;SP;3544608;69930;prefeito;PSB;40;250000989876;1589188;nao eleito;751;3382;0.22206;0.48817;46;0;1
121;2020;1;eleicao ordinaria;SP;3511003;63215;prefeito;REPUBLICANOS;10;250001190517;990969;eleito;7435;11817;0.62918;0.31090999999999996;91;1;1
122;2020;1;eleicao ordinaria;SP;3511003;63215;prefeito;PSDB;45;250001196956;1039416;nao eleito;3761;11817;0.31827;0.31090999999999996;92;0;1
125;2020;1;eleicao ordinaria;SP;3547403;70491;prefeito;REPUBLICANOS;10;250000786343;1123287;eleito;1093;2030;0.53842;0.07684000000000002;91;1;1
126;2020;1;eleicao ordinaria;SP;3547403;70491;prefeito;PSDB;45;250000786763;1265002;nao eleito;937;2030;0.46158;0.07684000000000002;92;0;1
129;2020;1;eleicao ordinaria;SP;3555802;72176;prefeito;REPUBLICANOS;10;250001022886;1042394;nao eleito;2591;5201;0.49817;0.0036599999999999966;91;1;1
130;2020;1;eleicao ordinaria;SP;3555802;72176;prefeito;PSDB;45;250000812031;1592758;eleito;2610;5201;0.50183;0.0036599999999999966;92;0;1
131;2020;1;eleicao ordinaria;SP;3538105;68632;prefeito;REPUBLICANOS;10;250001215681;1037944;eleito;3962;8214;0.48235;0.10507;91;1;1
132;2020;1;eleicao ordinaria;SP;3538105;68632;prefeito;PSDB;45;250001224419;1036116;nao eleito;3099;8214;0.37728;0.10507;92;0;1
137;2020;1;eleicao ordinaria;SP;3531100;67237;prefeito;REPUBLICANOS;10;250000959062;1656232;eleito;14046;30877;0.4549;0.05525000000000002;91;1;1
138;2020;1;eleicao ordinaria;SP;3531100;67237;prefeito;PSDB;45;250000744336;1574417;nao eleito;12340;30877;0.39965;0.05525000000000002;92;0;1
139;2020;1;eleicao ordinaria;SP;3524501;65919;prefeito;REPUBLICANOS;10;250000858210;1141484;eleito;2013;4542;0.4432;0.056589999999999974;91;1;1
140;2020;1;eleicao ordinaria;SP;3524501;65919;prefeito;PSDB;45;250001095957;1780156;nao eleito;1756;4542;0.38661;0.056589999999999974;92;0;1
141;2020;1;eleicao ordinaria;SP;3508900;62790;prefeito;REPUBLICANOS;10;250001217154;108344;eleito;1194;2744;0.43513;0.0922;91;1;1
142;2020;1;eleicao ordinaria;SP;3508900;62790;prefeito;PSB;40;250001243854;1361763;nao eleito;941;2744;0.34293;0.0922;46;0;1
151;2020;1;eleicao ordinaria;SP;3537503;68519;prefeito;REPUBLICANOS;10;250000669801;201835;nao eleito;1831;4373;0.41871;0.16257999999999995;91;1;1
152;2020;1;eleicao ordinaria;SP;3537503;68519;prefeito;PSDB;45;250001173918;711272;eleito;2542;4373;0.58129;0.16257999999999995;92;0;1
161;2020;1;eleicao ordinaria;SP;3525607;66133;prefeito;REPUBLICANOS;10;250000770061;1377903;eleito;999;2687;0.37179;0.008929999999999993;91;1;1
162;2020;1;eleicao ordinaria;SP;3525607;66133;prefeito;PSDB;45;250000768626;1040435;nao eleito;975;2687;0.36286;0.008929999999999993;92;0;1
167;2020;1;eleicao ordinaria;SP;3544806;69973;prefeito;REPUBLICANOS;10;250000985051;2034;nao eleito;1342;4133;0.3247;0.008230000000000015;91;1;1
168;2020;1;eleicao ordinaria;SP;3544806;69973;prefeito;PSB;40;250000756478;1585631;eleito;1376;4133;0.33293;0.008230000000000015;46;0;1
169;2020;1;eleicao ordinaria;SP;3527801;66575;prefeito;REPUBLICANOS;10;250000839817;1629772;nao eleito;847;2738;0.30935;0.023370000000000002;91;1;1
170;2020;1;eleicao ordinaria;SP;3527801;66575;prefeito;PSB;40;250001035260;1746414;eleito;911;2738;0.33272;0.023370000000000002;46;0;1
175;2020;1;eleicao ordinaria;SP;3521804;65374;prefeito;REPUBLICANOS;10;250001022068;1680240;nao eleito;3757;12501;0.30054;0.22454000000000002;91;1;1
176;2020;1;eleicao ordinaria;SP;3521804;65374;prefeito;PSDB;45;250000725036;1779208;eleito;6564;12501;0.52508;0.22454000000000002;92;0;1
179;2020;1;eleicao ordinaria;SP;3501707;61336;prefeito;REPUBLICANOS;10;250001109660;1516513;nao eleito;5082;18178;0.27957;0.08829000000000004;91;1;1
180;2020;1;eleicao ordinaria;SP;3501707;61336;prefeito;PSDB;45;250001131900;506324;eleito;6687;18178;0.36786;0.08829000000000004;92;0;1
195;2020;1;eleicao ordinaria;SP;3540903;69191;prefeito;REPUBLICANOS;10;250001099290;470862;nao eleito;2089;9847;0.21215;0.44134999999999996;91;1;1
196;2020;1;eleicao ordinaria;SP;3540903;69191;prefeito;PSDB;45;250001012098;1036737;eleito;6435;9847;0.6535;0.44134999999999996;92;0;1
209;2020;1;eleicao ordinaria;SP;3534757;62383;prefeito;PP;11;250000927441;1381773;eleito;4175;5352;0.78008;0.56016;91;1;1
210;2020;1;eleicao ordinaria;SP;3534757;62383;prefeito;PSDB;45;250000853170;1245300;nao eleito;1177;5352;0.21992;0.56016;92;0;1
211;2020;1;eleicao ordinaria;SP;3550209;71056;prefeito;PP;11;250000863924;1434163;eleito;12512;17359;0.72078;0.47912;91;1;1
212;2020;1;eleicao ordinaria;SP;3550209;71056;prefeito;PSDB;45;250000636795;661571;nao eleito;4195;17359;0.24166;0.47912;92;0;1
213;2020;1;eleicao ordinaria;SP;3534005;67814;prefeito;PP;11;250001099913;1774876;eleito;2232;3193;0.69903;0.42656000000000005;91;1;1
214;2020;1;eleicao ordinaria;SP;3534005;67814;prefeito;PSDB;45;250000677069;588939;nao eleito;870;3193;0.27247;0.42656000000000005;92;0;1
215;2020;1;eleicao ordinaria;SP;3548609;70734;prefeito;PP;11;250000851548;1156188;eleito;4448;6566;0.67743;0.35485999999999995;91;1;1
216;2020;1;eleicao ordinaria;SP;3548609;70734;prefeito;PSDB;45;250001160423;421989;nao eleito;2118;6566;0.32257;0.35485999999999995;92;0;1
219;2020;1;eleicao ordinaria;SP;3529658;61964;prefeito;PP;11;250001017823;1499590;eleito;992;1537;0.64541;0.30709000000000003;91;1;1
220;2020;1;eleicao ordinaria;SP;3529658;61964;prefeito;PSDB;45;250001158442;1395828;nao eleito;520;1537;0.33832;0.30709000000000003;92;0;1
227;2020;1;eleicao ordinaria;SP;3508009;62618;prefeito;PP;11;250000768340;1384465;eleito;6844;11273;0.60711;0.24359000000000003;91;1;1
234;2020;1;eleicao ordinaria;SP;3544707;69957;prefeito;PP;11;250001021896;1125789;eleito;1018;1800;0.56556;0.13111999999999996;91;1;1
235;2020;1;eleicao ordinaria;SP;3544707;69957;prefeito;PSDB;45;250001022454;1369587;nao eleito;782;1800;0.43444;0.13111999999999996;92;0;1
236;2020;1;eleicao ordinaria;SP;3523008;65617;prefeito;PP;11;250001020914;1283890;eleito;1539;2816;0.54652;0.16122000000000003;91;1;1
237;2020;1;eleicao ordinaria;SP;3523008;65617;prefeito;PT;13;250000702398;848356;nao eleito;1085;2816;0.3853;0.16122000000000003;20;0;1
248;2020;1;eleicao ordinaria;SP;3553807;71773;prefeito;PP;11;250000949715;1718002;eleito;6602;12611;0.52351;0.07493000000000005;91;1;1
249;2020;1;eleicao ordinaria;SP;3553807;71773;prefeito;PSDB;45;250000674474;1043632;nao eleito;5657;12611;0.44858;0.07493000000000005;92;0;1
250;2020;1;eleicao ordinaria;SP;3543253;61700;prefeito;PP;11;250000746011;1402770;eleito;2444;4715;0.51835;0.07995999999999998;91;1;1
251;2020;1;eleicao ordinaria;SP;3543253;61700;prefeito;PT;13;250001229050;1720427;nao eleito;2067;4715;0.43839;0.07995999999999998;20;0;1
252;2020;1;eleicao ordinaria;SP;3514502;63916;prefeito;PP;11;250001225779;138251;eleito;3498;7091;0.4933;0.08151000000000003;91;1;1
253;2020;1;eleicao ordinaria;SP;3514502;63916;prefeito;PSDB;45;250001229689;1504801;nao eleito;2920;7091;0.41179;0.08151000000000003;92;0;1
256;2020;1;eleicao ordinaria;SP;3541109;69230;prefeito;PP;11;250000638003;1670913;eleito;1087;2276;0.47759;0.22847;91;1;1
257;2020;1;eleicao ordinaria;SP;3541109;69230;prefeito;PSB;40;250000898147;1494976;nao eleito;567;2276;0.24912;0.22847;46;0;1
266;2020;1;eleicao ordinaria;SP;3548203;70653;prefeito;PP;11;250000744268;1744840;nao eleito;1761;4348;0.40501;0.00989000000000001;91;1;1
267;2020;1;eleicao ordinaria;SP;3548203;70653;prefeito;PSDB;45;250000676299;1626537;eleito;1804;4348;0.4149;0.00989000000000001;92;0;1
274;2020;1;eleicao ordinaria;SP;3513504;63711;prefeito;PP;11;250001110833;1381130;nao eleito;18738;54934;0.3411;0.1194;91;1;1
275;2020;1;eleicao ordinaria;SP;3513504;63711;prefeito;PSDB;45;250001243319;1414251;eleito;25297;54934;0.4605;0.1194;92;0;1
294;2020;1;eleicao ordinaria;SP;3554003;71811;prefeito;PP;11;250000701378;576552;nao eleito;10683;54664;0.19543;0.38742;91;1;1
295;2020;1;eleicao ordinaria;SP;3554003;71811;prefeito;PSDB;45;250000676192;879463;eleito;31861;54664;0.58285;0.38742;92;0;1
298;2020;1;eleicao ordinaria;SP;3529302;66877;prefeito;PP;11;250001238501;1591533;nao eleito;6172;41447;0.14891;0.29527000000000003;91;1;1
299;2020;1;eleicao ordinaria;SP;3529302;66877;prefeito;PT;13;250000817954;602482;eleito;18410;41447;0.44418;0.29527000000000003;20;0;1
302;2020;1;eleicao ordinaria;SP;3551306;71277;prefeito;PSDB;45;250001087767;1123401;eleito;2193;2473;0.88678;0.77356;92;0;1
303;2020;1;eleicao ordinaria;SP;3551306;71277;prefeito;PTB;14;250000990713;1772327;nao eleito;280;2473;0.11322;0.77356;90;1;1
308;2020;1;eleicao ordinaria;SP;3542503;69515;prefeito;PSDB;45;250001158053;1086912;nao eleito;1678;2020;0.83069;0.6613800000000001;92;0;1
309;2020;1;eleicao ordinaria;SP;3542503;69515;prefeito;PSD;55;250001119245;154331;nao eleito;342;2020;0.16931;0.6613800000000001;90;1;1
310;2020;1;eleicao ordinaria;SP;3509700;62952;prefeito;PSDB;45;250001216250;1011733;eleito;10868;13754;0.79017;0.65988;92;0;1
311;2020;1;eleicao ordinaria;SP;3509700;62952;prefeito;PL;22;250000799672;870248;nao eleito;1792;13754;0.13029;0.65988;90;1;1
312;2020;1;eleicao ordinaria;SP;3517208;64459;prefeito;PSDB;45;250000896175;54099;eleito;4676;5990;0.78063;0.5612600000000001;92;0;1
313;2020;1;eleicao ordinaria;SP;3517208;64459;prefeito;DEM;25;250000895987;1094168;nao eleito;1314;5990;0.21937;0.5612600000000001;93;1;1
316;2020;1;eleicao ordinaria;SP;3510302;63070;prefeito;PSDB;45;250000652868;1337254;eleito;8224;10834;0.75909;0.5181800000000001;92;0;1
317;2020;1;eleicao ordinaria;SP;3510302;63070;prefeito;MDB;15;250000990531;1125885;nao eleito;2610;10834;0.24091;0.5181800000000001;91;1;1
318;2020;1;eleicao ordinaria;SP;3507803;62570;prefeito;PSDB;45;250001095013;901895;eleito;9192;12177;0.75487;0.5097400000000001;92;0;1
319;2020;1;eleicao ordinaria;SP;3507803;62570;prefeito;PSD;55;250000800291;1063335;nao eleito;2985;12177;0.24513;0.5097400000000001;90;1;1
320;2020;1;eleicao ordinaria;SP;3504701;61930;prefeito;PSDB;45;250001158750;1172493;eleito;844;1128;0.74823;0.49645999999999996;92;0;1
321;2020;1;eleicao ordinaria;SP;3504701;61930;prefeito;DEM;25;250001160221;1764492;nao eleito;284;1128;0.25177;0.49645999999999996;93;1;1
323;2020;1;eleicao ordinaria;SP;3521705;65358;prefeito;PSDB;45;250000811546;1455716;eleito;7554;10216;0.73943;0.48953;92;0;1
324;2020;1;eleicao ordinaria;SP;3521705;65358;prefeito;PSD;55;250000937635;1546868;nao eleito;2553;10216;0.2499;0.48953;90;1;1
325;2020;1;eleicao ordinaria;SP;3510609;63134;prefeito;PSDB;45;250000707351;1467901;eleito;128773;175202;0.735;0.61465;92;0;1
326;2020;1;eleicao ordinaria;SP;3510609;63134;prefeito;PSD;55;250000707335;948243;nao eleito;21085;175202;0.12035;0.61465;90;1;1
327;2020;1;eleicao ordinaria;SP;3540853;62120;prefeito;PSDB;45;250001089773;1645542;eleito;783;1115;0.70224;0.43766999999999995;92;0;1
328;2020;1;eleicao ordinaria;SP;3540853;62120;prefeito;PROS;90;250001154534;1305178;nao eleito;295;1115;0.26457;0.43766999999999995;75;1;1
330;2020;1;eleicao ordinaria;SP;3552007;71412;prefeito;PSDB;45;250000971851;413655;eleito;2802;3997;0.70103;0.40206000000000003;92;0;1
331;2020;1;eleicao ordinaria;SP;3552007;71412;prefeito;SOLIDARIEDADE;77;250001047747;1472846;nao eleito;1195;3997;0.29897;0.40206000000000003;89;1;1
334;2020;1;eleicao ordinaria;SP;3556909;72419;prefeito;PSDB;45;250000773935;957620;eleito;3224;4631;0.69618;0.39236000000000004;92;0;1
335;2020;1;eleicao ordinaria;SP;3556909;72419;prefeito;PSD;55;250000944391;1338269;nao eleito;1407;4631;0.30382;0.39236000000000004;90;1;1
336;2020;1;eleicao ordinaria;SP;3547304;70475;prefeito;PSDB;45;250000797706;1420022;eleito;33828;49065;0.68945;0.4344;92;0;1
337;2020;1;eleicao ordinaria;SP;3547304;70475;prefeito;PTB;14;250000976250;1508470;nao eleito;12514;49065;0.25505;0.4344;90;1;1
339;2020;1;eleicao ordinaria;SP;3528858;61867;prefeito;PSDB;45;250000651773;1664761;eleito;1610;2388;0.6742;0.34840000000000004;92;0;1
340;2020;1;eleicao ordinaria;SP;3528858;61867;prefeito;PTB;14;250000745026;379834;nao eleito;778;2388;0.3258;0.34840000000000004;90;1;1
343;2020;1;eleicao ordinaria;SP;3516606;64335;prefeito;PSDB;45;250001182944;1279392;eleito;2498;3718;0.67187;0.34374;92;0;1
344;2020;1;eleicao ordinaria;SP;3516606;64335;prefeito;MDB;15;250001091823;1641729;nao eleito;1220;3718;0.32813;0.34374;91;1;1
345;2020;1;eleicao ordinaria;SP;3556404;72311;prefeito;PSDB;45;250000779804;798082;eleito;14002;21308;0.65712;0.31424;92;0;1
346;2020;1;eleicao ordinaria;SP;3556404;72311;prefeito;PSD;55;250000791379;86820;nao eleito;7306;21308;0.34288;0.31424;90;1;1
347;2020;1;eleicao ordinaria;SP;3550407;71099;prefeito;PSDB;45;250001131394;1719239;eleito;10135;15653;0.64748;0.36511000000000005;92;0;1
348;2020;1;eleicao ordinaria;SP;3550407;71099;prefeito;AVANTE;70;250000671209;1434965;nao eleito;4420;15653;0.28237;0.36511000000000005;74;1;1
349;2020;1;eleicao ordinaria;SP;3526001;66214;prefeito;PSDB;45;250001189007;1101219;eleito;6163;9532;0.64656;0.43087000000000003;92;0;1
350;2020;1;eleicao ordinaria;SP;3526001;66214;prefeito;DEM;25;250001031042;1157647;nao eleito;2056;9532;0.21569;0.43087000000000003;93;1;1
351;2020;1;eleicao ordinaria;SP;3553302;71676;prefeito;PSDB;45;250001080741;1573938;eleito;7466;11560;0.64585;0.2917;92;0;1
352;2020;1;eleicao ordinaria;SP;3553302;71676;prefeito;PSD;55;250000794615;23848;nao eleito;4094;11560;0.35415;0.2917;90;1;1
355;2020;1;eleicao ordinaria;SP;3517703;64556;prefeito;PSDB;45;250001017243;1344575;eleito;6749;10524;0.6413;0.28259999999999996;92;0;1
356;2020;1;eleicao ordinaria;SP;3517703;64556;prefeito;MDB;15;250000970378;1123825;nao eleito;3775;10524;0.3587;0.28259999999999996;91;1;1
357;2020;1;eleicao ordinaria;SP;3519303;64874;prefeito;PSDB;45;250001165744;62066;eleito;10499;16514;0.63576;0.41716;92;0;1
358;2020;1;eleicao ordinaria;SP;3519303;64874;prefeito;PTB;14;250001199909;601317;nao eleito;3610;16514;0.2186;0.41716;90;1;1
359;2020;1;eleicao ordinaria;SP;3500204;61034;prefeito;PSDB;45;250001093392;927307;eleito;2087;3304;0.63166;0.26332;92;0;1
360;2020;1;eleicao ordinaria;SP;3500204;61034;prefeito;MDB;15;250001167312;418658;nao eleito;1217;3304;0.36834;0.26332;91;1;1
361;2020;1;eleicao ordinaria;SP;3520806;65170;prefeito;PSDB;45;250001128357;1214040;eleito;1519;2424;0.62665;0.2533;92;0;1
362;2020;1;eleicao ordinaria;SP;3520806;65170;prefeito;PSC;20;250001124449;1656923;nao eleito;905;2424;0.37335;0.2533;93;1;1
363;2020;1;eleicao ordinaria;SP;3501400;61271;prefeito;PSDB;45;250000669187;1299236;eleito;1361;2181;0.62403;0.24805999999999995;92;0;1
364;2020;1;eleicao ordinaria;SP;3501400;61271;prefeito;PV;43;250000637405;15600;nao eleito;820;2181;0.37597;0.24805999999999995;68;1;1
365;2020;1;eleicao ordinaria;SP;3508702;62758;prefeito;PSDB;45;250001274319;61313;eleito;6224;9985;0.62334;0.41742999999999997;92;0;1
366;2020;1;eleicao ordinaria;SP;3508702;62758;prefeito;PTB;14;250000946843;1163417;nao eleito;2056;9985;0.20591;0.41742999999999997;90;1;1
369;2020;1;eleicao ordinaria;SP;3541901;69396;prefeito;PSDB;45;250000751460;443935;eleito;3338;5382;0.62022;0.27314;92;0;1
370;2020;1;eleicao ordinaria;SP;3541901;69396;prefeito;PL;22;250000804035;2094;nao eleito;1868;5382;0.34708;0.27314;90;1;1
371;2020;1;eleicao ordinaria;SP;3517307;64475;prefeito;PSDB;45;250000641743;1260109;eleito;2226;3595;0.61919;0.39332;92;0;1
372;2020;1;eleicao ordinaria;SP;3517307;64475;prefeito;MDB;15;250000633154;1124343;nao eleito;812;3595;0.22587;0.39332;91;1;1
373;2020;1;eleicao ordinaria;SP;3503406;61670;prefeito;PSDB;45;250000635865;1793257;eleito;2679;4327;0.61914;0.25145;92;0;1
374;2020;1;eleicao ordinaria;SP;3503406;61670;prefeito;MDB;15;250000963737;1124641;nao eleito;1591;4327;0.36769;0.25145;91;1;1
377;2020;1;eleicao ordinaria;SP;3503158;61646;prefeito;PSDB;45;250000650320;1720056;eleito;1104;1797;0.61436;0.22872000000000003;92;0;1
378;2020;1;eleicao ordinaria;SP;3503158;61646;prefeito;SOLIDARIEDADE;77;250000928482;1656823;nao eleito;693;1797;0.38564;0.22872000000000003;89;1;1
379;2020;1;eleicao ordinaria;SP;3525409;66095;prefeito;PSDB;45;250001086504;1383360;eleito;1583;2590;0.6112;0.2224;92;0;1
380;2020;1;eleicao ordinaria;SP;3525409;66095;prefeito;MDB;15;250000674312;877066;nao eleito;1007;2590;0.3888;0.2224;91;1;1
381;2020;1;eleicao ordinaria;SP;3516101;64238;prefeito;PSDB;45;250000809896;1531210;eleito;1409;2322;0.6068;0.2136;92;0;1
382;2020;1;eleicao ordinaria;SP;3516101;64238;prefeito;PSD;55;250001012428;1735249;nao eleito;913;2322;0.3932;0.2136;90;1;1
383;2020;1;eleicao ordinaria;SP;3557204;63371;prefeito;PSDB;45;250000751462;1631438;eleito;4077;6721;0.60661;0.21321999999999997;92;0;1
384;2020;1;eleicao ordinaria;SP;3557204;63371;prefeito;CIDADANIA;23;250000750998;1044707;nao eleito;2644;6721;0.39339;0.21321999999999997;87;1;1
385;2020;1;eleicao ordinaria;SP;3501301;61255;prefeito;PSDB;45;250001179862;47904;eleito;7764;12869;0.60331;0.20662000000000003;92;0;1
386;2020;1;eleicao ordinaria;SP;3501301;61255;prefeito;PV;43;250000998070;1253444;nao eleito;5105;12869;0.39669;0.20662000000000003;68;1;1
387;2020;1;eleicao ordinaria;SP;3535705;68152;prefeito;PSDB;45;250001036605;391013;eleito;2205;3657;0.60295;0.35821;92;0;1
388;2020;1;eleicao ordinaria;SP;3535705;68152;prefeito;MDB;15;250000884964;1750880;nao eleito;895;3657;0.24474;0.35821;91;1;1
389;2020;1;eleicao ordinaria;SP;3513306;63673;prefeito;PSDB;45;250001225700;1380124;eleito;1056;1757;0.60102;0.29311;92;0;1
390;2020;1;eleicao ordinaria;SP;3513306;63673;prefeito;PSD;55;250001225737;1325200;nao eleito;541;1757;0.30791;0.29311;90;1;1
391;2020;1;eleicao ordinaria;SP;3500303;61050;prefeito;PSDB;45;250000846054;1323085;eleito;9120;15181;0.60075;0.26092;92;0;1
392;2020;1;eleicao ordinaria;SP;3500303;61050;prefeito;PTB;14;250001252944;1423314;nao eleito;5159;15181;0.33983;0.26092;90;1;1
393;2020;1;eleicao ordinaria;SP;3503950;61522;prefeito;PSDB;45;250001269964;377042;eleito;988;1648;0.59951;0.19901999999999997;92;0;1
394;2020;1;eleicao ordinaria;SP;3503950;61522;prefeito;MDB;15;250001017930;1382148;nao eleito;660;1648;0.40049;0.19901999999999997;91;1;1
397;2020;1;eleicao ordinaria;SP;3530201;67059;prefeito;PSDB;45;250001190808;1305113;eleito;5794;9760;0.59365;0.18730000000000002;92;0;1
398;2020;1;eleicao ordinaria;SP;3530201;67059;prefeito;DEM;25;250001097007;1676737;nao eleito;3966;9760;0.40635;0.18730000000000002;93;1;1
399;2020;1;eleicao ordinaria;SP;3538501;68713;prefeito;PSDB;45;250000669880;140709;eleito;4387;7413;0.5918;0.30663;92;0;1
400;2020;1;eleicao ordinaria;SP;3538501;68713;prefeito;PSD;55;250000669889;988351;nao eleito;2114;7413;0.28517;0.30663;90;1;1
401;2020;1;eleicao ordinaria;SP;3539707;68950;prefeito;PSDB;45;250000945968;1069780;eleito;1359;2298;0.59138;0.18276000000000003;92;0;1
402;2020;1;eleicao ordinaria;SP;3539707;68950;prefeito;PSD;55;250001091949;1005070;nao eleito;939;2298;0.40862;0.18276000000000003;90;1;1
404;2020;1;eleicao ordinaria;SP;3513603;63738;prefeito;PSDB;45;250000843078;1207750;eleito;7822;13270;0.58945;0.1789;92;0;1
405;2020;1;eleicao ordinaria;SP;3513603;63738;prefeito;PSD;55;250001003433;212813;nao eleito;5448;13270;0.41055;0.1789;90;1;1
406;2020;1;eleicao ordinaria;SP;3551702;71358;prefeito;PSDB;45;250001081782;952790;eleito;35343;60516;0.58403;0.24949000000000005;92;0;1
407;2020;1;eleicao ordinaria;SP;3551702;71358;prefeito;CIDADANIA;23;250001123526;1344567;nao eleito;20245;60516;0.33454;0.24949000000000005;87;1;1
408;2020;1;eleicao ordinaria;SP;3549904;70998;prefeito;PSDB;45;250000693253;1358657;eleito;204800;351806;0.58214;0.42261;92;0;1
409;2020;1;eleicao ordinaria;SP;3549904;70998;prefeito;PL;22;250001158050;1416257;nao eleito;56122;351806;0.15953;0.42261;90;1;1
410;2020;1;eleicao ordinaria;SP;3538907;68799;prefeito;PSDB;45;250001031298;106175;eleito;6156;10682;0.5763;0.28151000000000004;92;0;1
411;2020;1;eleicao ordinaria;SP;3538907;68799;prefeito;PTB;14;250001035531;1356014;nao eleito;3149;10682;0.29479;0.28151000000000004;90;1;1
412;2020;1;eleicao ordinaria;SP;3550506;71110;prefeito;PSDB;45;250000635225;1735464;eleito;2606;4530;0.57528;0.15056000000000003;92;0;1
413;2020;1;eleicao ordinaria;SP;3550506;71110;prefeito;PSD;55;250000898410;1081641;nao eleito;1924;4530;0.42472;0.15056000000000003;90;1;1
414;2020;1;eleicao ordinaria;SP;3530904;67199;prefeito;PSDB;45;250001039920;1588132;eleito;1482;2588;0.57264;0.14528000000000002;92;0;1
415;2020;1;eleicao ordinaria;SP;3530904;67199;prefeito;PSL;17;250000763087;90828;nao eleito;1106;2588;0.42736;0.14528000000000002;97;1;1
419;2020;1;eleicao ordinaria;SP;3532405;67490;prefeito;PSDB;45;250000681247;1704222;eleito;5848;10473;0.55839;0.15163000000000004;92;0;1
420;2020;1;eleicao ordinaria;SP;3532405;67490;prefeito;PSD;55;250000681397;1770013;nao eleito;4260;10473;0.40676;0.15163000000000004;90;1;1
421;2020;1;eleicao ordinaria;SP;3532504;67512;prefeito;PSDB;45;250001095960;1493768;eleito;3154;5692;0.55411;0.10821999999999998;92;0;1
422;2020;1;eleicao ordinaria;SP;3532504;67512;prefeito;PSD;55;250001099602;158961;nao eleito;2538;5692;0.44589;0.10821999999999998;90;1;1
423;2020;1;eleicao ordinaria;SP;3529708;66958;prefeito;PSDB;45;250000881880;1117260;eleito;6206;11229;0.55268;0.10535999999999995;92;0;1
424;2020;1;eleicao ordinaria;SP;3529708;66958;prefeito;MDB;15;250000881388;1241068;nao eleito;5023;11229;0.44732;0.10535999999999995;91;1;1
427;2020;1;eleicao ordinaria;SP;3544202;69850;prefeito;PSDB;45;250000951670;1638508;eleito;3070;5627;0.54558;0.09115999999999996;92;0;1
428;2020;1;eleicao ordinaria;SP;3544202;69850;prefeito;DEM;25;250000948932;1723996;nao eleito;2557;5627;0.45442;0.09115999999999996;93;1;1
429;2020;1;eleicao ordinaria;SP;3548302;70670;prefeito;PSDB;45;250000996833;1372210;eleito;1191;2196;0.54235;0.22632000000000002;92;0;1
430;2020;1;eleicao ordinaria;SP;3548302;70670;prefeito;MDB;15;250000935906;158848;nao eleito;694;2196;0.31603;0.22632000000000002;91;1;1
431;2020;1;eleicao ordinaria;SP;3515905;64190;prefeito;PSDB;45;250001086706;1574992;eleito;1121;2070;0.54155;0.08309999999999995;92;0;1
432;2020;1;eleicao ordinaria;SP;3515905;64190;prefeito;MDB;15;250000868022;1640211;nao eleito;949;2070;0.45845;0.08309999999999995;91;1;1
433;2020;1;eleicao ordinaria;SP;3502408;61476;prefeito;PSDB;45;250001054456;1181666;eleito;1514;2799;0.54091;0.08182;92;0;1
434;2020;1;eleicao ordinaria;SP;3502408;61476;prefeito;PTB;14;250001054701;1645930;nao eleito;1285;2799;0.45909;0.08182;90;1;1
435;2020;1;eleicao ordinaria;SP;3527207;66451;prefeito;PSDB;45;250000669859;393331;eleito;23530;43576;0.53998;0.15697;92;0;1
436;2020;1;eleicao ordinaria;SP;3527207;66451;prefeito;DEM;25;250001103032;1346826;nao eleito;16690;43576;0.38301;0.15697;93;1;1
437;2020;1;eleicao ordinaria;SP;3549607;70939;prefeito;PSDB;45;250000650698;1764775;eleito;1570;2920;0.53767;0.07533999999999996;92;0;1
438;2020;1;eleicao ordinaria;SP;3549607;70939;prefeito;PL;22;250000650523;48973;nao eleito;1350;2920;0.46233;0.07533999999999996;90;1;1
439;2020;1;eleicao ordinaria;SP;3518602;64734;prefeito;PSDB;45;250000807397;1178398;eleito;10927;20482;0.53349;0.32663000000000003;92;0;1
440;2020;1;eleicao ordinaria;SP;3518602;64734;prefeito;MDB;15;250000892714;1688667;nao eleito;4237;20482;0.20686;0.32663000000000003;91;1;1
441;2020;1;eleicao ordinaria;SP;3514007;63819;prefeito;PSDB;45;250000682813;1199249;eleito;2604;4887;0.53284;0.24574999999999997;92;0;1
442;2020;1;eleicao ordinaria;SP;3514007;63819;prefeito;DEM;25;250000980718;1705311;nao eleito;1403;4887;0.28709;0.24574999999999997;93;1;1
443;2020;1;eleicao ordinaria;SP;3543808;69779;prefeito;PSDB;45;250000941817;1281841;eleito;2872;5435;0.52843;0.056859999999999966;92;0;1
444;2020;1;eleicao ordinaria;SP;3543808;69779;prefeito;PTB;14;250000680458;1557368;nao eleito;2563;5435;0.47157;0.056859999999999966;90;1;1
445;2020;1;eleicao ordinaria;SP;3520442;61204;prefeito;PSDB;45;250001165737;1789251;eleito;7200;13681;0.52628;0.14245999999999998;92;0;1
446;2020;1;eleicao ordinaria;SP;3520442;61204;prefeito;PL;22;250001021583;1700154;nao eleito;5251;13681;0.38382;0.14245999999999998;90;1;1
447;2020;1;eleicao ordinaria;SP;3509304;62871;prefeito;PSDB;45;250001103971;340549;eleito;3168;6033;0.52511;0.11867999999999995;92;0;1
448;2020;1;eleicao ordinaria;SP;3509304;62871;prefeito;DEM;25;250001157533;1735092;nao eleito;2452;6033;0.40643;0.11867999999999995;93;1;1
451;2020;1;eleicao ordinaria;SP;3550704;71153;prefeito;PSDB;45;250001040292;1652770;eleito;23501;44949;0.52284;0.07276999999999995;92;0;1
452;2020;1;eleicao ordinaria;SP;3550704;71153;prefeito;MDB;15;250000889176;1453359;nao eleito;20230;44949;0.45007;0.07276999999999995;91;1;1
453;2020;1;eleicao ordinaria;SP;3506359;61280;prefeito;PSDB;45;250000891409;1653135;eleito;15137;28998;0.522;0.20615;92;0;1
454;2020;1;eleicao ordinaria;SP;3506359;61280;prefeito;PL;22;250001102167;1688323;nao eleito;9159;28998;0.31585;0.20615;90;1;1
455;2020;1;eleicao ordinaria;SP;3534203;67857;prefeito;PSDB;45;250001041743;1449053;eleito;2188;4192;0.52195;0.04390000000000005;92;0;1
456;2020;1;eleicao ordinaria;SP;3534203;67857;prefeito;DEM;25;250000888858;1785947;nao eleito;2004;4192;0.47805;0.04390000000000005;93;1;1
457;2020;1;eleicao ordinaria;SP;3505401;62073;prefeito;PSDB;45;250000677611;384728;eleito;2615;5022;0.52071;0.04142000000000001;92;0;1
458;2020;1;eleicao ordinaria;SP;3505401;62073;prefeito;DEM;25;250000637575;1439876;nao eleito;2407;5022;0.47929;0.04142000000000001;93;1;1
459;2020;1;eleicao ordinaria;SP;3553955;61042;prefeito;PSDB;45;250001000152;140979;eleito;4750;9164;0.51833;0.04407999999999995;92;0;1
460;2020;1;eleicao ordinaria;SP;3553955;61042;prefeito;PSD;55;250000809698;1699563;nao eleito;4346;9164;0.47425;0.04407999999999995;90;1;1
461;2020;1;eleicao ordinaria;SP;3508405;62693;prefeito;PSDB;45;250000666093;1259051;eleito;11976;23157;0.51717;0.18846000000000002;92;0;1
462;2020;1;eleicao ordinaria;SP;3508405;62693;prefeito;PSD;55;250000836865;1501980;nao eleito;7612;23157;0.32871;0.18846000000000002;90;1;1
463;2020;1;eleicao ordinaria;SP;3523701;65757;prefeito;PSDB;45;250000794223;1426310;eleito;1950;3779;0.51601;0.03201999999999999;92;0;1
464;2020;1;eleicao ordinaria;SP;3523701;65757;prefeito;PL;22;250000987108;1526824;nao eleito;1829;3779;0.48399;0.03201999999999999;90;1;1
465;2020;1;eleicao ordinaria;SP;3552551;61301;prefeito;PSDB;45;250001048635;1115588;eleito;1196;2322;0.51507;0.03014;92;0;1
466;2020;1;eleicao ordinaria;SP;3552551;61301;prefeito;PL;22;250000733265;1458262;nao eleito;1126;2322;0.48493;0.03014;90;1;1
467;2020;1;eleicao ordinaria;SP;3511607;63339;prefeito;PSDB;45;250000664245;1385179;eleito;4611;8955;0.51491;0.029819999999999958;92;0;1
468;2020;1;eleicao ordinaria;SP;3511607;63339;prefeito;DEM;25;250001111181;1385167;nao eleito;4344;8955;0.48509;0.029819999999999958;93;1;1
471;2020;1;eleicao ordinaria;SP;3545159;61441;prefeito;PSDB;45;250000768331;1776429;eleito;2595;5084;0.51042;0.15125;92;0;1
472;2020;1;eleicao ordinaria;SP;3545159;61441;prefeito;PTB;14;250000768260;262673;nao eleito;1826;5084;0.35917;0.15125;90;1;1
477;2020;1;eleicao ordinaria;SP;3537008;68411;prefeito;PSDB;45;250001135274;1718689;eleito;4588;9001;0.50972;0.019439999999999957;92;0;1
478;2020;1;eleicao ordinaria;SP;3537008;68411;prefeito;MDB;15;250000930802;1577655;nao eleito;4413;9001;0.49028;0.019439999999999957;91;1;1
479;2020;1;eleicao ordinaria;SP;3557105;72451;prefeito;PSDB;45;250001097691;404347;eleito;21184;41639;0.50875;0.14779000000000003;92;0;1
480;2020;1;eleicao ordinaria;SP;3557105;72451;prefeito;PTB;14;250000897998;22746;nao eleito;15030;41639;0.36096;0.14779000000000003;90;1;1
481;2020;1;eleicao ordinaria;SP;3548500;70718;prefeito;PSDB;45;250000767843;1342910;eleito;101268;199168;0.50846;0.32153;92;0;1
482;2020;1;eleicao ordinaria;SP;3548500;70718;prefeito;PSD;55;250000833419;958410;nao eleito;37231;199168;0.18693;0.32153;90;1;1
483;2020;1;eleicao ordinaria;SP;3536257;61824;prefeito;PSDB;45;250001164285;770827;eleito;1110;2189;0.50708;0.01415999999999995;92;0;1
484;2020;1;eleicao ordinaria;SP;3536257;61824;prefeito;PSD;55;250001099604;1593574;nao eleito;1079;2189;0.49292;0.01415999999999995;90;1;1
485;2020;1;eleicao ordinaria;SP;3523602;65730;prefeito;PSDB;45;250000888893;354294;eleito;2929;5787;0.50613;0.05563999999999997;92;0;1
486;2020;1;eleicao ordinaria;SP;3523602;65730;prefeito;PSL;17;250000686076;1700820;nao eleito;2607;5787;0.45049;0.05563999999999997;97;1;1
487;2020;1;eleicao ordinaria;SP;3555901;72192;prefeito;PSDB;45;250001019003;1733453;eleito;688;1360;0.50588;0.011759999999999993;92;0;1
488;2020;1;eleicao ordinaria;SP;3555901;72192;prefeito;PTB;14;250000789729;1461420;nao eleito;672;1360;0.49412;0.011759999999999993;90;1;1
489;2020;1;eleicao ordinaria;SP;3532207;67458;prefeito;PSDB;45;250001093391;1206815;eleito;1782;3544;0.50282;0.005640000000000034;92;0;1
490;2020;1;eleicao ordinaria;SP;3532207;67458;prefeito;PL;22;250000997512;1798484;nao eleito;1762;3544;0.49718;0.005640000000000034;90;1;1
491;2020;1;eleicao ordinaria;SP;3528502;66710;prefeito;PSDB;45;250000640197;1590054;eleito;21315;42398;0.50274;0.13859999999999995;92;0;1
492;2020;1;eleicao ordinaria;SP;3528502;66710;prefeito;PSD;55;250000633583;1499314;nao eleito;15439;42398;0.36414;0.13859999999999995;90;1;1
493;2020;1;eleicao ordinaria;SP;3538303;68691;prefeito;PSDB;45;250001236873;76407;nao eleito;1288;2577;0.49981;0.00038000000000004697;92;0;1
494;2020;1;eleicao ordinaria;SP;3538303;68691;prefeito;MDB;15;250001236632;1724354;eleito;1289;2577;0.50019;0.00038000000000004697;91;1;1
495;2020;1;eleicao ordinaria;SP;3519105;64831;prefeito;PSDB;45;250000761565;699356;nao eleito;3298;6623;0.49796;0.004080000000000028;92;0;1
496;2020;1;eleicao ordinaria;SP;3519105;64831;prefeito;DEM;25;250000802986;1494999;eleito;3325;6623;0.50204;0.004080000000000028;93;1;1
497;2020;1;eleicao ordinaria;SP;3530409;67091;prefeito;PSDB;45;250000908814;1542238;eleito;1578;3177;0.49669;0.02895000000000003;92;0;1
498;2020;1;eleicao ordinaria;SP;3530409;67091;prefeito;DEM;25;250001094799;648703;nao eleito;1486;3177;0.46774;0.02895000000000003;93;1;1
499;2020;1;eleicao ordinaria;SP;3520905;65196;prefeito;PSDB;45;250001014153;1742559;eleito;3964;7985;0.49643;0.02516999999999997;92;0;1
500;2020;1;eleicao ordinaria;SP;3520905;65196;prefeito;PSD;55;250000867054;1118346;nao eleito;3763;7985;0.47126;0.02516999999999997;90;1;1
501;2020;1;eleicao ordinaria;SP;3507753;62081;prefeito;PSDB;45;250001107640;50326;nao eleito;1026;2069;0.49589;0.00821999999999995;92;0;1
502;2020;1;eleicao ordinaria;SP;3507753;62081;prefeito;PV;43;250001107742;1594133;eleito;1043;2069;0.50411;0.00821999999999995;68;1;1
503;2020;1;eleicao ordinaria;SP;3553708;71757;prefeito;PSDB;45;250001126138;190310;eleito;12828;25887;0.49554;0.16746;92;0;1
504;2020;1;eleicao ordinaria;SP;3553708;71757;prefeito;DEM;25;250001089520;396225;nao eleito;8493;25887;0.32808;0.16746;93;1;1
505;2020;1;eleicao ordinaria;SP;3541604;69337;prefeito;PSDB;45;250001088938;1497511;eleito;9141;18463;0.4951;0.16421999999999998;92;0;1
506;2020;1;eleicao ordinaria;SP;3541604;69337;prefeito;MDB;15;250001089327;1682077;nao eleito;6109;18463;0.33088;0.16421999999999998;91;1;1
507;2020;1;eleicao ordinaria;SP;3547205;70459;prefeito;PSDB;45;250001171614;1636421;nao eleito;675;1366;0.49414;0.011719999999999953;92;0;1
508;2020;1;eleicao ordinaria;SP;3547205;70459;prefeito;MDB;15;250001171702;1575526;eleito;691;1366;0.50586;0.011719999999999953;91;1;1
509;2020;1;eleicao ordinaria;SP;3517109;64432;prefeito;PSDB;45;250000677111;202299;eleito;1526;3108;0.49099;0.005789999999999962;92;0;1
510;2020;1;eleicao ordinaria;SP;3517109;64432;prefeito;PTB;14;250001127619;809829;nao eleito;1508;3108;0.4852;0.005789999999999962;90;1;1
511;2020;1;eleicao ordinaria;SP;3539004;68810;prefeito;PSDB;45;250000751886;1192562;nao eleito;3038;6193;0.49055;0.018899999999999972;92;0;1
512;2020;1;eleicao ordinaria;SP;3539004;68810;prefeito;DEM;25;250000787954;1314056;eleito;3155;6193;0.50945;0.018899999999999972;93;1;1
513;2020;1;eleicao ordinaria;SP;3509403;62898;prefeito;PSDB;45;250000997293;1341006;eleito;6265;12821;0.48865;0.14085999999999999;92;0;1
514;2020;1;eleicao ordinaria;SP;3509403;62898;prefeito;PSD;55;250000987906;602880;nao eleito;4459;12821;0.34779;0.14085999999999999;90;1;1
515;2020;1;eleicao ordinaria;SP;3545605;70130;prefeito;PSDB;45;250001218666;1769851;nao eleito;4010;8215;0.48813;0.02374000000000004;92;0;1
516;2020;1;eleicao ordinaria;SP;3545605;70130;prefeito;DEM;25;250000986384;19655;eleito;4205;8215;0.51187;0.02374000000000004;93;1;1
517;2020;1;eleicao ordinaria;SP;3520202;65056;prefeito;PSDB;45;250000892611;1646769;nao eleito;3270;6705;0.4877;0.024599999999999955;92;0;1
518;2020;1;eleicao ordinaria;SP;3520202;65056;prefeito;PL;22;250000791227;651794;eleito;3435;6705;0.5123;0.024599999999999955;90;1;1
519;2020;1;eleicao ordinaria;SP;3540309;69078;prefeito;PSDB;45;250001114586;1657793;eleito;936;1926;0.48598;0.06853000000000004;92;0;1
520;2020;1;eleicao ordinaria;SP;3540309;69078;prefeito;PTB;14;250000834823;1212691;nao eleito;804;1926;0.41745;0.06853000000000004;90;1;1
521;2020;1;eleicao ordinaria;SP;3526209;66257;prefeito;PSDB;45;250000829372;1739825;nao eleito;8205;17012;0.48231;0.014399999999999968;92;0;1
522;2020;1;eleicao ordinaria;SP;3526209;66257;prefeito;PL;22;250001006454;402305;eleito;8450;17012;0.49671;0.014399999999999968;90;1;1
525;2020;1;eleicao ordinaria;SP;3527256;62022;prefeito;PSDB;45;250001058417;550452;eleito;773;1615;0.47864;0.18081000000000003;92;0;1
526;2020;1;eleicao ordinaria;SP;3527256;62022;prefeito;DEM;25;250000983861;1199222;nao eleito;481;1615;0.29783;0.18081000000000003;93;1;1
527;2020;1;eleicao ordinaria;SP;3541653;62162;prefeito;PSDB;45;250000710141;903821;nao eleito;1283;2697;0.47571;0.04858000000000001;92;0;1
528;2020;1;eleicao ordinaria;SP;3541653;62162;prefeito;DEM;25;250001265831;903803;eleito;1414;2697;0.52429;0.04858000000000001;93;1;1
529;2020;1;eleicao ordinaria;SP;3513900;63797;prefeito;PSDB;45;250000867441;1713681;nao eleito;3392;7148;0.47454;0.05092000000000002;92;0;1
530;2020;1;eleicao ordinaria;SP;3513900;63797;prefeito;PTB;14;250001124735;746461;eleito;3756;7148;0.52546;0.05092000000000002;90;1;1
531;2020;1;eleicao ordinaria;SP;3514957;61182;prefeito;PSDB;45;250001073543;904982;eleito;997;2114;0.47162;0.12157000000000001;92;0;1
532;2020;1;eleicao ordinaria;SP;3514957;61182;prefeito;DEM;25;250000886008;82915;nao eleito;740;2114;0.35005;0.12157000000000001;93;1;1
533;2020;1;eleicao ordinaria;SP;3504206;61832;prefeito;PSDB;45;250001053275;1376732;nao eleito;3964;8472;0.46789;0.047219999999999984;92;0;1
534;2020;1;eleicao ordinaria;SP;3504206;61832;prefeito;MDB;15;250001050673;1169396;eleito;4364;8472;0.51511;0.047219999999999984;91;1;1
535;2020;1;eleicao ordinaria;SP;3506904;62375;prefeito;PSDB;45;250000855137;1208636;nao eleito;2740;5876;0.4663;0.06739999999999996;92;0;1
536;2020;1;eleicao ordinaria;SP;3506904;62375;prefeito;PSD;55;250000669795;1358642;eleito;3136;5876;0.5337;0.06739999999999996;90;1;1
537;2020;1;eleicao ordinaria;SP;3514205;63851;prefeito;PSDB;45;250000685641;166924;nao eleito;871;1871;0.46553;0.06894;92;0;1
538;2020;1;eleicao ordinaria;SP;3514205;63851;prefeito;MDB;15;250001058029;;eleito;1000;1871;0.53447;0.06894;91;1;1
539;2020;1;eleicao ordinaria;SP;3511904;63398;prefeito;PSDB;45;250001104523;360160;eleito;2026;4356;0.46511;0.06153000000000003;92;0;1
540;2020;1;eleicao ordinaria;SP;3511904;63398;prefeito;PV;43;250001105757;962747;nao eleito;1758;4356;0.40358;0.06153000000000003;68;1;1
541;2020;1;eleicao ordinaria;SP;3521507;65315;prefeito;PSDB;45;250000756481;1235242;nao eleito;1950;4202;0.46406;0.016900000000000026;92;0;1
542;2020;1;eleicao ordinaria;SP;3521507;65315;prefeito;DEM;25;250000685015;1726469;eleito;2021;4202;0.48096;0.016900000000000026;93;1;1
543;2020;1;eleicao ordinaria;SP;3546504;70319;prefeito;PSDB;45;250000982838;1541591;nao eleito;1898;4099;0.46304;0.02073999999999998;92;0;1
544;2020;1;eleicao ordinaria;SP;3546504;70319;prefeito;CIDADANIA;23;250000741918;1511417;eleito;1983;4099;0.48378;0.02073999999999998;87;1;1
545;2020;1;eleicao ordinaria;SP;3546207;70254;prefeito;PSDB;45;250001159878;1728179;nao eleito;1532;3349;0.45745;0.08509999999999995;92;0;1
546;2020;1;eleicao ordinaria;SP;3546207;70254;prefeito;PSD;55;250000897390;1760051;eleito;1817;3349;0.54255;0.08509999999999995;90;1;1
547;2020;1;eleicao ordinaria;SP;3525003;66010;prefeito;PSDB;45;250000859863;957667;eleito;23586;51576;0.45731;0.10966999999999999;92;0;1
548;2020;1;eleicao ordinaria;SP;3525003;66010;prefeito;PTB;14;250000887213;1301488;nao eleito;17930;51576;0.34764;0.10966999999999999;90;1;1
551;2020;1;eleicao ordinaria;SP;3545407;70092;prefeito;PSDB;45;250000751001;1421958;nao eleito;2235;4933;0.45307;0.05615000000000003;92;0;1
552;2020;1;eleicao ordinaria;SP;3545407;70092;prefeito;PL;22;250000640201;1118781;eleito;2512;4933;0.50922;0.05615000000000003;90;1;1
553;2020;1;eleicao ordinaria;SP;3533304;67679;prefeito;PSDB;45;250001002920;1132718;nao eleito;1039;2294;0.45292;0.08718000000000004;92;0;1
554;2020;1;eleicao ordinaria;SP;3533304;67679;prefeito;PTB;14;250001181689;1517989;eleito;1239;2294;0.5401;0.08718000000000004;90;1;1
555;2020;1;eleicao ordinaria;SP;3547650;62200;prefeito;PSDB;45;250000964574;1267731;nao eleito;682;1530;0.44575;0.10850000000000004;92;0;1
556;2020;1;eleicao ordinaria;SP;3547650;62200;prefeito;PSD;55;250000811320;6865;eleito;848;1530;0.55425;0.10850000000000004;90;1;1
557;2020;1;eleicao ordinaria;SP;3513207;63657;prefeito;PSDB;45;250001058188;1159437;nao eleito;2416;5448;0.44347;0.11306;92;0;1
558;2020;1;eleicao ordinaria;SP;3513207;63657;prefeito;PSD;55;250001217078;1593543;eleito;3032;5448;0.55653;0.11306;90;1;1
559;2020;1;eleicao ordinaria;SP;3501202;61239;prefeito;PSDB;45;250001099423;1185103;nao eleito;1338;3032;0.44129;0.07124000000000003;92;0;1
560;2020;1;eleicao ordinaria;SP;3501202;61239;prefeito;DEM;25;250001094111;1096795;eleito;1554;3032;0.51253;0.07124000000000003;93;1;1
561;2020;1;eleicao ordinaria;SP;3532843;61425;prefeito;PSDB;45;250001263062;1517878;eleito;743;1685;0.44095;0.06647000000000003;92;0;1
562;2020;1;eleicao ordinaria;SP;3532843;61425;prefeito;MDB;15;250001168924;1681777;nao eleito;631;1685;0.37448;0.06647000000000003;91;1;1
563;2020;1;eleicao ordinaria;SP;3521150;62243;prefeito;PSDB;45;250000825851;1123457;nao eleito;1460;3318;0.44002;0.11996000000000001;92;0;1
564;2020;1;eleicao ordinaria;SP;3521150;62243;prefeito;DEM;25;250001026718;934976;eleito;1858;3318;0.55998;0.11996000000000001;93;1;1
565;2020;1;eleicao ordinaria;SP;3500402;61077;prefeito;PSDB;45;250001117641;1755091;nao eleito;1941;4416;0.43954;0.06114000000000003;92;0;1
566;2020;1;eleicao ordinaria;SP;3500402;61077;prefeito;PSC;20;250001112695;1491379;eleito;2211;4416;0.50068;0.06114000000000003;93;1;1
567;2020;1;eleicao ordinaria;SP;3535408;68098;prefeito;PSDB;45;250001009076;698825;eleito;3382;7702;0.43911;0.07518000000000002;92;0;1
568;2020;1;eleicao ordinaria;SP;3535408;68098;prefeito;CIDADANIA;23;250001165900;1710696;nao eleito;2803;7702;0.36393;0.07518000000000002;87;1;1
569;2020;1;eleicao ordinaria;SP;3504305;61859;prefeito;PSDB;45;250001065943;113897;eleito;1355;3089;0.43865;0.14276;92;0;1
570;2020;1;eleicao ordinaria;SP;3504305;61859;prefeito;PSD;55;250001253969;1377217;nao eleito;914;3089;0.29589;0.14276;90;1;1
571;2020;1;eleicao ordinaria;SP;3503505;61697;prefeito;PSDB;45;250000893645;831907;nao eleito;1125;2565;0.4386;0.028849999999999987;92;0;1
572;2020;1;eleicao ordinaria;SP;3503505;61697;prefeito;MDB;15;250000997003;1372017;eleito;1199;2565;0.46745;0.028849999999999987;91;1;1
575;2020;1;eleicao ordinaria;SP;3526506;66311;prefeito;PSDB;45;250001104267;670251;eleito;1351;3083;0.43821;0.06681999999999999;92;0;1
576;2020;1;eleicao ordinaria;SP;3526506;66311;prefeito;PV;43;250000992149;936659;nao eleito;1145;3083;0.37139;0.06681999999999999;68;1;1
577;2020;1;eleicao ordinaria;SP;3502804;61557;prefeito;PSDB;45;250000869880;1352770;eleito;41161;94036;0.43772;0.16463;92;0;1
578;2020;1;eleicao ordinaria;SP;3502804;61557;prefeito;MDB;15;250001093625;1035965;nao eleito;25680;94036;0.27309;0.16463;91;1;1
579;2020;1;eleicao ordinaria;SP;3517604;64530;prefeito;PSDB;45;250000983896;907235;nao eleito;4703;10775;0.43647;0.12705999999999995;92;0;1
580;2020;1;eleicao ordinaria;SP;3517604;64530;prefeito;DEM;25;250000746039;1788095;eleito;6072;10775;0.56353;0.12705999999999995;93;1;1
583;2020;1;eleicao ordinaria;SP;3531605;67334;prefeito;PSDB;45;250001271202;578525;nao eleito;1247;2872;0.43419;0.09993000000000002;92;0;1
584;2020;1;eleicao ordinaria;SP;3531605;67334;prefeito;DEM;25;250001165846;1483210;eleito;1534;2872;0.53412;0.09993000000000002;93;1;1
585;2020;1;eleicao ordinaria;SP;3515400;64092;prefeito;PSDB;45;250000937218;28214;eleito;4145;9568;0.43321;0.03761999999999999;92;0;1
586;2020;1;eleicao ordinaria;SP;3515400;64092;prefeito;PTB;14;250000998499;1155719;nao eleito;3785;9568;0.39559;0.03761999999999999;90;1;1
587;2020;1;eleicao ordinaria;SP;3503356;62065;prefeito;PSDB;45;250000640558;656620;nao eleito;864;1998;0.43243;0.13514000000000004;92;0;1
588;2020;1;eleicao ordinaria;SP;3503356;62065;prefeito;PV;43;250000634790;1148902;eleito;1134;1998;0.56757;0.13514000000000004;68;1;1
591;2020;1;eleicao ordinaria;SP;3545308;70076;prefeito;PSDB;45;250000855391;142024;eleito;8654;20112;0.43029;0.18198;92;0;1
592;2020;1;eleicao ordinaria;SP;3545308;70076;prefeito;PTB;14;250001018919;1192406;nao eleito;4994;20112;0.24831;0.18198;90;1;1
593;2020;1;eleicao ordinaria;SP;3528106;66630;prefeito;PSDB;45;250000992594;1320164;nao eleito;1981;4623;0.42851;0.14298000000000005;92;0;1
594;2020;1;eleicao ordinaria;SP;3528106;66630;prefeito;PV;43;250000996690;140139;eleito;2642;4623;0.57149;0.14298000000000005;68;1;1
595;2020;1;eleicao ordinaria;SP;3503307;61654;prefeito;PSDB;45;250000784848;1691226;eleito;25697;60013;0.42819;0.1381;92;0;1
596;2020;1;eleicao ordinaria;SP;3503307;61654;prefeito;PTB;14;250001159064;105223;nao eleito;17409;60013;0.29009;0.1381;90;1;1
597;2020;1;eleicao ordinaria;SP;3527900;66591;prefeito;PSDB;45;250000726783;1679952;nao eleito;799;1868;0.42773;0.14453999999999995;92;0;1
598;2020;1;eleicao ordinaria;SP;3527900;66591;prefeito;PTB;14;250000768026;1438103;eleito;1069;1868;0.57227;0.14453999999999995;90;1;1
599;2020;1;eleicao ordinaria;SP;3535002;68012;prefeito;PSDB;45;250000884210;1115208;eleito;3001;7018;0.42761;0.0711;92;0;1
600;2020;1;eleicao ordinaria;SP;3535002;68012;prefeito;PTB;14;250001055429;1501901;nao eleito;2502;7018;0.35651;0.0711;90;1;1
601;2020;1;eleicao ordinaria;SP;3509809;62979;prefeito;PSDB;45;250000869952;1557690;nao eleito;1325;3106;0.42659;0.14681999999999995;92;0;1
602;2020;1;eleicao ordinaria;SP;3509809;62979;prefeito;PSD;55;250000897210;1708551;eleito;1781;3106;0.57341;0.14681999999999995;90;1;1
603;2020;1;eleicao ordinaria;SP;3503000;61590;prefeito;PSDB;45;250001239152;1310494;nao eleito;1566;3672;0.42647;0.09040999999999999;92;0;1
604;2020;1;eleicao ordinaria;SP;3503000;61590;prefeito;PSD;55;250001062048;1440137;eleito;1898;3672;0.51688;0.09040999999999999;90;1;1
605;2020;1;eleicao ordinaria;SP;3507159;61786;prefeito;PSDB;45;250000644917;951129;nao eleito;1150;2705;0.42514;0.14972000000000002;92;0;1
606;2020;1;eleicao ordinaria;SP;3507159;61786;prefeito;PTB;14;250000780816;1334674;eleito;1555;2705;0.57486;0.14972000000000002;90;1;1
607;2020;1;eleicao ordinaria;SP;3530300;67075;prefeito;PSDB;45;250000908929;671801;eleito;11708;27604;0.42414;0.22004;92;0;1
608;2020;1;eleicao ordinaria;SP;3530300;67075;prefeito;MDB;15;250000820111;778577;nao eleito;5634;27604;0.2041;0.22004;91;1;1
611;2020;1;eleicao ordinaria;SP;3503703;61735;prefeito;PSDB;45;250001212187;1381572;nao eleito;2302;5486;0.41961;0.03026000000000001;92;0;1
612;2020;1;eleicao ordinaria;SP;3503703;61735;prefeito;PTB;14;250001212959;;eleito;2468;5486;0.44987;0.03026000000000001;90;1;1
613;2020;1;eleicao ordinaria;SP;3513702;63754;prefeito;PSDB;45;250000760936;1740657;nao eleito;6591;15791;0.41739;0.013990000000000002;92;0;1
614;2020;1;eleicao ordinaria;SP;3513702;63754;prefeito;PL;22;250001067951;601265;eleito;6812;15791;0.43138;0.013990000000000002;90;1;1
615;2020;1;eleicao ordinaria;SP;3549706;70955;prefeito;PSDB;45;250001191553;958008;nao eleito;10941;26247;0.41685;0.10381999999999997;92;0;1
616;2020;1;eleicao ordinaria;SP;3549706;70955;prefeito;PTB;14;250000744000;1664493;eleito;13666;26247;0.52067;0.10381999999999997;90;1;1
617;2020;1;eleicao ordinaria;SP;3540200;69051;prefeito;PSDB;45;250000631784;1383624;nao eleito;7953;19240;0.41336;0.10425999999999996;92;0;1
618;2020;1;eleicao ordinaria;SP;3540200;69051;prefeito;PSL;17;250000688664;1714549;eleito;9959;19240;0.51762;0.10425999999999996;97;1;1
619;2020;1;eleicao ordinaria;SP;3551108;71234;prefeito;PSDB;45;250000795463;1780107;eleito;2297;5571;0.41231;0.004840000000000011;92;0;1
620;2020;1;eleicao ordinaria;SP;3551108;71234;prefeito;MDB;15;250000795812;1056006;nao eleito;2270;5571;0.40747;0.004840000000000011;91;1;1
621;2020;1;eleicao ordinaria;SP;3518859;61107;prefeito;PSDB;45;250001175421;1678191;nao eleito;1763;4320;0.4081;0.18379999999999996;92;0;1
622;2020;1;eleicao ordinaria;SP;3518859;61107;prefeito;PL;22;250000654417;875501;eleito;2557;4320;0.5919;0.18379999999999996;90;1;1
623;2020;1;eleicao ordinaria;SP;3535309;68071;prefeito;PSDB;45;250000857874;127546;eleito;5029;12373;0.40645;0.04953999999999997;92;0;1
624;2020;1;eleicao ordinaria;SP;3535309;68071;prefeito;PSD;55;250001152894;554651;nao eleito;4416;12373;0.35691;0.04953999999999997;90;1;1
625;2020;1;eleicao ordinaria;SP;3536604;68330;prefeito;PSDB;45;250000889209;1652880;nao eleito;1986;4907;0.40473;0.01202000000000003;92;0;1
626;2020;1;eleicao ordinaria;SP;3536604;68330;prefeito;PTB;14;250000888574;1757901;eleito;2045;4907;0.41675;0.01202000000000003;90;1;1
627;2020;1;eleicao ordinaria;SP;3520426;62006;prefeito;PSDB;45;250000652286;1410908;eleito;3452;8569;0.40285;0.08868999999999999;92;0;1
628;2020;1;eleicao ordinaria;SP;3520426;62006;prefeito;DEM;25;250001114412;1457167;nao eleito;2692;8569;0.31416;0.08868999999999999;93;1;1
629;2020;1;eleicao ordinaria;SP;3522604;65536;prefeito;PSDB;45;250001108431;516307;nao eleito;14427;35865;0.40226;0.14111;92;0;1
630;2020;1;eleicao ordinaria;SP;3522604;65536;prefeito;PSD;55;250000985545;821087;eleito;19488;35865;0.54337;0.14111;90;1;1
631;2020;1;eleicao ordinaria;SP;3515301;64076;prefeito;PSDB;45;250001096339;725323;nao eleito;872;2168;0.40221;0.12547000000000003;92;0;1
632;2020;1;eleicao ordinaria;SP;3515301;64076;prefeito;CIDADANIA;23;250001078238;1274990;eleito;1144;2168;0.52768;0.12547000000000003;87;1;1
633;2020;1;eleicao ordinaria;SP;3539806;68977;prefeito;PSDB;45;250000971510;1120444;eleito;23446;58301;0.40215;0.17495;92;0;1
634;2020;1;eleicao ordinaria;SP;3539806;68977;prefeito;AVANTE;70;250000775195;9833;nao eleito;13246;58301;0.2272;0.17495;74;1;1
635;2020;1;eleicao ordinaria;SP;3533205;67652;prefeito;PSDB;45;250001082948;120871;nao eleito;1081;2697;0.40082;0.16980999999999996;92;0;1
636;2020;1;eleicao ordinaria;SP;3533205;67652;prefeito;PTB;14;250001241131;1338653;eleito;1539;2697;0.57063;0.16980999999999996;90;1;1
641;2020;1;eleicao ordinaria;SP;3542206;69450;prefeito;PSDB;45;250001165689;1114178;nao eleito;6689;16749;0.39937;0.015519999999999978;92;0;1
642;2020;1;eleicao ordinaria;SP;3542206;69450;prefeito;DEM;25;250000634989;1287385;eleito;6949;16749;0.41489;0.015519999999999978;93;1;1
643;2020;1;eleicao ordinaria;SP;3542701;69558;prefeito;PSDB;45;250001187812;1014612;nao eleito;2086;5230;0.39885;0.20229999999999998;92;0;1
644;2020;1;eleicao ordinaria;SP;3542701;69558;prefeito;PTB;14;250001054986;79121;eleito;3144;5230;0.60115;0.20229999999999998;90;1;1
645;2020;1;eleicao ordinaria;SP;3517802;64572;prefeito;PSDB;45;250001102304;80225;eleito;1932;4894;0.39477;0.03882000000000002;92;0;1
646;2020;1;eleicao ordinaria;SP;3517802;64572;prefeito;PL;22;250001086790;1269429;nao eleito;1742;4894;0.35595;0.03882000000000002;90;1;1
647;2020;1;eleicao ordinaria;SP;3539103;68837;prefeito;PSDB;45;250000797007;1399890;nao eleito;4007;10230;0.39169;0.07918000000000003;92;0;1
648;2020;1;eleicao ordinaria;SP;3539103;68837;prefeito;PSD;55;250000797382;1526374;eleito;4817;10230;0.47087;0.07918000000000003;90;1;1
649;2020;1;eleicao ordinaria;SP;3506102;62219;prefeito;PSDB;45;250000889509;1127719;nao eleito;14358;36737;0.39083;0.011709999999999998;92;0;1
650;2020;1;eleicao ordinaria;SP;3506102;62219;prefeito;DEM;25;250000889806;1593441;eleito;14788;36737;0.40254;0.011709999999999998;93;1;1
651;2020;1;eleicao ordinaria;SP;3549003;70815;prefeito;PSDB;45;250001015918;951490;nao eleito;783;2004;0.39072;0.21856000000000003;92;0;1
652;2020;1;eleicao ordinaria;SP;3549003;70815;prefeito;PTB;14;250000897478;347251;eleito;1221;2004;0.60928;0.21856000000000003;90;1;1
653;2020;1;eleicao ordinaria;SP;3526308;66273;prefeito;PSDB;45;250000750872;425962;nao eleito;1564;4003;0.39071;0.21858;92;0;1
654;2020;1;eleicao ordinaria;SP;3526308;66273;prefeito;PL;22;250000837844;124750;eleito;2439;4003;0.60929;0.21858;90;1;1
655;2020;1;eleicao ordinaria;SP;3514304;63878;prefeito;PSDB;45;250000805648;1247269;nao eleito;2059;5301;0.38842;0.22316000000000003;92;0;1
656;2020;1;eleicao ordinaria;SP;3514304;63878;prefeito;PL;22;250001015042;1098912;eleito;3242;5301;0.61158;0.22316000000000003;90;1;1
657;2020;1;eleicao ordinaria;SP;3536109;68233;prefeito;PSDB;45;250000926338;120899;nao eleito;1674;4310;0.3884;0.2232;92;0;1
658;2020;1;eleicao ordinaria;SP;3536109;68233;prefeito;CIDADANIA;23;250000663705;1208777;eleito;2636;4310;0.6116;0.2232;87;1;1
659;2020;1;eleicao ordinaria;SP;3522000;65412;prefeito;PSDB;45;250001274550;1279606;eleito;939;2419;0.38818;0.02398;92;0;1
660;2020;1;eleicao ordinaria;SP;3522000;65412;prefeito;MDB;15;250000780490;422636;nao eleito;881;2419;0.3642;0.02398;91;1;1
661;2020;1;eleicao ordinaria;SP;3510500;63118;prefeito;PSDB;45;250000919163;36829;nao eleito;24964;64312;0.38817;0.034499999999999975;92;0;1
662;2020;1;eleicao ordinaria;SP;3510500;63118;prefeito;MDB;15;250000691685;1713188;eleito;27183;64312;0.42267;0.034499999999999975;91;1;1
663;2020;1;eleicao ordinaria;SP;3512605;63533;prefeito;PSDB;45;250000674740;1427369;nao eleito;1231;3180;0.38711;0.14621999999999996;92;0;1
664;2020;1;eleicao ordinaria;SP;3512605;63533;prefeito;DEM;25;250000750729;1582134;eleito;1696;3180;0.53333;0.14621999999999996;93;1;1
665;2020;1;eleicao ordinaria;SP;3504602;61913;prefeito;PSDB;45;250001077446;1132847;eleito;3613;9360;0.386;0.12777;92;0;1
666;2020;1;eleicao ordinaria;SP;3504602;61913;prefeito;PTB;14;250001004159;1071524;nao eleito;2417;9360;0.25823;0.12777;90;1;1
667;2020;1;eleicao ordinaria;SP;3512308;63479;prefeito;PSDB;45;250000935811;249233;eleito;3335;8645;0.38577;0.0008099999999999774;92;0;1
668;2020;1;eleicao ordinaria;SP;3512308;63479;prefeito;MDB;15;250000980490;1690467;nao eleito;3328;8645;0.38496;0.0008099999999999774;91;1;1
669;2020;1;eleicao ordinaria;SP;3542800;69574;prefeito;PSDB;45;250001210920;1427354;nao eleito;961;2505;0.38363;0.11536999999999997;92;0;1
670;2020;1;eleicao ordinaria;SP;3542800;69574;prefeito;DEM;25;250001093622;942491;eleito;1250;2505;0.499;0.11536999999999997;93;1;1
673;2020;1;eleicao ordinaria;SP;3550001;71013;prefeito;PSDB;45;250000699576;1382629;eleito;2845;7564;0.37612;0.017979999999999996;92;0;1
674;2020;1;eleicao ordinaria;SP;3550001;71013;prefeito;PL;22;250000975303;1383013;nao eleito;2709;7564;0.35814;0.017979999999999996;90;1;1
675;2020;1;eleicao ordinaria;SP;3523404;65692;prefeito;PSDB;45;250000997869;1680965;eleito;20503;54728;0.37463;0.01100000000000001;92;0;1
676;2020;1;eleicao ordinaria;SP;3523404;65692;prefeito;DEM;25;250001223539;79954;nao eleito;19901;54728;0.36363;0.01100000000000001;93;1;1
677;2020;1;eleicao ordinaria;SP;3529906;66990;prefeito;PSDB;45;250000891549;1588285;nao eleito;3992;10658;0.37455;0.07713000000000003;92;0;1
678;2020;1;eleicao ordinaria;SP;3529906;66990;prefeito;PL;22;250000751088;95162;eleito;4814;10658;0.45168;0.07713000000000003;90;1;1
679;2020;1;eleicao ordinaria;SP;3556107;72230;prefeito;PSDB;45;250001097582;1047604;eleito;2625;7030;0.3734;0.11351;92;0;1
680;2020;1;eleicao ordinaria;SP;3556107;72230;prefeito;PL;22;250000846050;1695593;nao eleito;1827;7030;0.25989;0.11351;90;1;1
681;2020;1;eleicao ordinaria;SP;3504800;61956;prefeito;PSDB;45;250001099689;1516862;nao eleito;2202;5929;0.37139;0.25722;92;0;1
682;2020;1;eleicao ordinaria;SP;3504800;61956;prefeito;MDB;15;250001106026;1774022;eleito;3727;5929;0.62861;0.25722;91;1;1
683;2020;1;eleicao ordinaria;SP;3526803;66370;prefeito;PSDB;45;250000748542;361004;nao eleito;12918;34857;0.3706;0.23403999999999997;92;0;1
684;2020;1;eleicao ordinaria;SP;3526803;66370;prefeito;DEM;25;250001015533;1632814;eleito;21076;34857;0.60464;0.23403999999999997;93;1;1
685;2020;1;eleicao ordinaria;SP;3531506;67318;prefeito;PSDB;45;250001105152;1426813;nao eleito;3793;10337;0.36693;0.26614000000000004;92;0;1
686;2020;1;eleicao ordinaria;SP;3531506;67318;prefeito;MDB;15;250001120587;1373324;eleito;6544;10337;0.63307;0.26614000000000004;91;1;1
687;2020;1;eleicao ordinaria;SP;3507902;62596;prefeito;PSDB;45;250000632466;1751722;nao eleito;4297;11823;0.36344;0.005920000000000036;92;0;1
688;2020;1;eleicao ordinaria;SP;3507902;62596;prefeito;DEM;25;250000634614;1513953;eleito;4367;11823;0.36936;0.005920000000000036;93;1;1
690;2020;1;eleicao ordinaria;SP;3534500;67911;prefeito;PSDB;45;250000754340;1395974;nao eleito;729;2088;0.34914;0.30172;92;0;1
691;2020;1;eleicao ordinaria;SP;3534500;67911;prefeito;PSD;55;250000970311;1688830;eleito;1359;2088;0.65086;0.30172;90;1;1
692;2020;1;eleicao ordinaria;SP;3542602;69531;prefeito;PSDB;45;250000766397;991038;eleito;10240;29475;0.34741;0.05397000000000002;92;0;1
693;2020;1;eleicao ordinaria;SP;3542602;69531;prefeito;PSD;55;250001036669;1653766;nao eleito;8649;29475;0.29344;0.05397000000000002;90;1;1
694;2020;1;eleicao ordinaria;SP;3533403;67695;prefeito;PSDB;45;250001155570;1710786;nao eleito;10192;29616;0.34414;0.06344;92;0;1
695;2020;1;eleicao ordinaria;SP;3533403;67695;prefeito;PSD;55;250001166210;1395605;eleito;12071;29616;0.40758;0.06344;90;1;1
696;2020;1;eleicao ordinaria;SP;3540705;69159;prefeito;PSDB;45;250001186996;1268679;nao eleito;9316;27387;0.34016;0.23412999999999995;92;0;1
697;2020;1;eleicao ordinaria;SP;3540705;69159;prefeito;PSD;55;250001082553;48685;eleito;15728;27387;0.57429;0.23412999999999995;90;1;1
700;2020;1;eleicao ordinaria;SP;3537107;68438;prefeito;PSDB;45;250000989375;705798;nao eleito;7270;21533;0.33762;0.028610000000000024;92;0;1
701;2020;1;eleicao ordinaria;SP;3537107;68438;prefeito;DEM;25;250001198007;568197;eleito;7886;21533;0.36623;0.028610000000000024;93;1;1
702;2020;1;eleicao ordinaria;SP;3552106;71439;prefeito;PSDB;45;250000659956;780619;nao eleito;6980;20836;0.335;0.27236;92;0;1
703;2020;1;eleicao ordinaria;SP;3552106;71439;prefeito;PTB;14;250000668701;1230506;eleito;12655;20836;0.60736;0.27236;90;1;1
704;2020;1;eleicao ordinaria;SP;3542305;69477;prefeito;PSDB;45;250000941626;1603070;nao eleito;1061;3199;0.33167;0.33665999999999996;92;0;1
705;2020;1;eleicao ordinaria;SP;3542305;69477;prefeito;PL;22;250000675732;1309009;eleito;2138;3199;0.66833;0.33665999999999996;90;1;1
706;2020;1;eleicao ordinaria;SP;3533809;67776;prefeito;PSDB;45;250001045484;851084;eleito;666;2017;0.33019;0.023299999999999987;92;0;1
707;2020;1;eleicao ordinaria;SP;3533809;67776;prefeito;PTB;14;250000680023;64243;nao eleito;619;2017;0.30689;0.023299999999999987;90;1;1
710;2020;1;eleicao ordinaria;SP;3546702;70351;prefeito;PSDB;45;250000794958;1420353;nao eleito;4154;12935;0.32114;0.032320000000000015;92;0;1
711;2020;1;eleicao ordinaria;SP;3546702;70351;prefeito;PL;22;250000743148;277355;eleito;4572;12935;0.35346;0.032320000000000015;90;1;1
712;2020;1;eleicao ordinaria;SP;3553906;71790;prefeito;PSDB;45;250001106720;1320243;nao eleito;1310;4093;0.32006;0.26361999999999997;92;0;1
713;2020;1;eleicao ordinaria;SP;3553906;71790;prefeito;PV;43;250001112415;1304722;eleito;2389;4093;0.58368;0.26361999999999997;68;1;1
714;2020;1;eleicao ordinaria;SP;3544251;61166;prefeito;PSDB;45;250001118775;1271599;nao eleito;3205;10082;0.31789;0.14144;92;0;1
715;2020;1;eleicao ordinaria;SP;3544251;61166;prefeito;PSD;55;250001195126;578704;eleito;4631;10082;0.45933;0.14144;90;1;1
716;2020;1;eleicao ordinaria;SP;3551207;71250;prefeito;PSDB;45;250000745202;1215460;nao eleito;770;2437;0.31596;0.23102;92;0;1
717;2020;1;eleicao ordinaria;SP;3551207;71250;prefeito;PTB;14;250000744037;1079758;eleito;1333;2437;0.54698;0.23102;90;1;1
718;2020;1;eleicao ordinaria;SP;3532702;67555;prefeito;PSDB;45;250001090363;1659954;eleito;961;3062;0.31385;0.002939999999999998;92;0;1
719;2020;1;eleicao ordinaria;SP;3532702;67555;prefeito;PTB;14;250000961425;1183665;nao eleito;952;3062;0.31091;0.002939999999999998;90;1;1
722;2020;1;eleicao ordinaria;SP;3516705;64351;prefeito;PSDB;45;250001267688;1585443;nao eleito;6938;22390;0.30987;0.1824;92;0;1
723;2020;1;eleicao ordinaria;SP;3516705;64351;prefeito;DEM;25;250000818094;1141774;eleito;11022;22390;0.49227;0.1824;93;1;1
726;2020;1;eleicao ordinaria;SP;3523503;65714;prefeito;PSDB;45;250000636886;77202;nao eleito;3070;9950;0.30854;0.34362;92;0;1
727;2020;1;eleicao ordinaria;SP;3523503;65714;prefeito;DEM;25;250000634634;370462;eleito;6489;9950;0.65216;0.34362;93;1;1
728;2020;1;eleicao ordinaria;SP;3503109;61611;prefeito;PSDB;45;250000819349;1288457;nao eleito;1351;4403;0.30684;0.08199000000000001;92;0;1
729;2020;1;eleicao ordinaria;SP;3503109;61611;prefeito;PTB;14;250000971758;1310921;eleito;1712;4403;0.38883;0.08199000000000001;90;1;1
734;2020;1;eleicao ordinaria;SP;3537909;68594;prefeito;PSDB;45;250000640254;1454028;nao eleito;4345;14705;0.29548;0.12498999999999999;92;0;1
735;2020;1;eleicao ordinaria;SP;3537909;68594;prefeito;DEM;25;250000640272;1349770;eleito;6183;14705;0.42047;0.12498999999999999;93;1;1
736;2020;1;eleicao ordinaria;SP;3533106;67636;prefeito;PSDB;45;250001082579;309468;nao eleito;496;1680;0.29524;0.12024000000000001;92;0;1
737;2020;1;eleicao ordinaria;SP;3533106;67636;prefeito;PV;43;250001074054;1680747;eleito;698;1680;0.41548;0.12024000000000001;68;1;1
738;2020;1;eleicao ordinaria;SP;3535507;68110;prefeito;PSDB;45;250001110966;1350653;nao eleito;6227;21159;0.2943;0.03658;92;0;1
739;2020;1;eleicao ordinaria;SP;3535507;68110;prefeito;PSD;55;250000891453;1313573;eleito;7001;21159;0.33088;0.03658;90;1;1
740;2020;1;eleicao ordinaria;SP;3500907;61174;prefeito;PSDB;45;250000868103;1420530;nao eleito;744;2528;0.2943;0.12223;92;0;1
741;2020;1;eleicao ordinaria;SP;3500907;61174;prefeito;DEM;25;250000967903;993686;eleito;1053;2528;0.41653;0.12223;93;1;1
742;2020;1;eleicao ordinaria;SP;3554508;71919;prefeito;PSDB;45;250000989037;542848;eleito;4944;17119;0.2888;0.02915000000000001;92;0;1
743;2020;1;eleicao ordinaria;SP;3554508;71919;prefeito;MDB;15;250000682165;1707507;nao eleito;4445;17119;0.25965;0.02915000000000001;91;1;1
744;2020;1;eleicao ordinaria;SP;3533007;67610;prefeito;PSDB;45;250001274338;1707537;nao eleito;3145;10939;0.2875;0.34702;92;0;1
745;2020;1;eleicao ordinaria;SP;3533007;67610;prefeito;PSD;55;250000677498;1107386;eleito;6941;10939;0.63452;0.34702;90;1;1
746;2020;1;eleicao ordinaria;SP;3537800;68578;prefeito;PSDB;45;250000674388;1743414;nao eleito;7396;25975;0.28474;0.28257;92;0;1
747;2020;1;eleicao ordinaria;SP;3537800;68578;prefeito;MDB;15;250000653680;1648729;eleito;14736;25975;0.56731;0.28257;91;1;1
748;2020;1;eleicao ordinaria;SP;3549102;70831;prefeito;PSDB;45;250001223354;1323580;nao eleito;12333;43345;0.28453;0.0022400000000000198;92;0;1
749;2020;1;eleicao ordinaria;SP;3549102;70831;prefeito;DEM;25;250000868109;1110646;eleito;12430;43345;0.28677;0.0022400000000000198;93;1;1
750;2020;1;eleicao ordinaria;SP;3557006;72435;prefeito;PSDB;45;250001015054;1768929;eleito;14719;51912;0.28354;0.05521000000000001;92;0;1
751;2020;1;eleicao ordinaria;SP;3557006;72435;prefeito;DEM;25;250000752768;1311457;nao eleito;11853;51912;0.22833;0.05521000000000001;93;1;1
754;2020;1;eleicao ordinaria;SP;3507100;62413;prefeito;PSDB;45;250001001089;1365281;nao eleito;3502;12683;0.27612;0.14894000000000002;92;0;1
755;2020;1;eleicao ordinaria;SP;3507100;62413;prefeito;DEM;25;250000719061;1495477;eleito;5391;12683;0.42506;0.14894000000000002;93;1;1
756;2020;1;eleicao ordinaria;SP;3540507;69116;prefeito;PSDB;45;250000951908;1320722;nao eleito;1367;4951;0.27611;0.2656;92;0;1
757;2020;1;eleicao ordinaria;SP;3540507;69116;prefeito;PL;22;250001217955;1046248;eleito;2682;4951;0.54171;0.2656;90;1;1
758;2020;1;eleicao ordinaria;SP;3533502;67717;prefeito;PSDB;45;250000838702;214281;nao eleito;5408;19715;0.27431;0.41156;92;0;1
759;2020;1;eleicao ordinaria;SP;3533502;67717;prefeito;PL;22;250000807292;1510012;eleito;13522;19715;0.68587;0.41156;90;1;1
760;2020;1;eleicao ordinaria;SP;3509106;62839;prefeito;PSDB;45;250000866373;1116597;nao eleito;847;3104;0.27287;0.45426000000000005;92;0;1
761;2020;1;eleicao ordinaria;SP;3509106;62839;prefeito;PTB;14;250000967133;1180308;eleito;2257;3104;0.72713;0.45426000000000005;90;1;1
762;2020;2;eleicao ordinaria;SP;3541000;69213;prefeito;PSDB;45;250000663009;786745;eleito;75739;282875;0.26775;0.03520999999999999;92;0;1
763;2020;2;eleicao ordinaria;SP;3541000;69213;prefeito;PSL;17;250000867103;38460;nao eleito;65780;282875;0.23254;0.03520999999999999;97;1;1
764;2020;1;eleicao ordinaria;SP;3507209;62430;prefeito;PSDB;45;250000633525;1483142;nao eleito;241;909;0.26513;0.28603;92;0;1
765;2020;1;eleicao ordinaria;SP;3507209;62430;prefeito;PTB;14;250000635646;1327051;eleito;501;909;0.55116;0.28603;90;1;1
766;2020;1;eleicao ordinaria;SP;3553609;71730;prefeito;PSDB;45;250000644055;1423069;nao eleito;1823;7219;0.25253;0.31583;92;0;1
767;2020;1;eleicao ordinaria;SP;3553609;71730;prefeito;CIDADANIA;23;250000808229;1498438;eleito;4103;7219;0.56836;0.31583;87;1;1
768;2020;1;eleicao ordinaria;SP;3554300;71870;prefeito;PSDB;45;250001115872;1458364;nao eleito;3211;12788;0.25109;0.05537000000000003;92;0;1
769;2020;1;eleicao ordinaria;SP;3554300;71870;prefeito;PSD;55;250001270527;310980;eleito;3919;12788;0.30646;0.05537000000000003;90;1;1
770;2020;1;eleicao ordinaria;SP;3519600;64939;prefeito;PSDB;45;250001000082;947960;nao eleito;6964;28537;0.24403;0.4326;92;0;1
771;2020;1;eleicao ordinaria;SP;3519600;64939;prefeito;MDB;15;250000800135;496838;eleito;19309;28537;0.67663;0.4326;91;1;1
772;2020;1;eleicao ordinaria;SP;3521309;65277;prefeito;PSDB;45;250000911045;1312332;nao eleito;2167;8998;0.24083;0.30007000000000006;92;0;1
773;2020;1;eleicao ordinaria;SP;3521309;65277;prefeito;PTB;14;250000639485;1525959;eleito;4867;8998;0.5409;0.30007000000000006;90;1;1
774;2020;1;eleicao ordinaria;SP;3547502;70513;prefeito;PSDB;45;250000792494;742117;nao eleito;2092;8834;0.23681;0.5263800000000001;92;0;1
775;2020;1;eleicao ordinaria;SP;3547502;70513;prefeito;PATRIOTA;51;250000975862;900181;eleito;6742;8834;0.76319;0.5263800000000001;94;1;1
776;2020;1;eleicao ordinaria;SP;3541703;69353;prefeito;PSDB;45;250000770976;1397621;nao eleito;1683;7117;0.23648;0.52704;92;0;1
777;2020;1;eleicao ordinaria;SP;3541703;69353;prefeito;PSD;55;250001112964;1260285;eleito;5434;7117;0.76352;0.52704;90;1;1
778;2020;1;eleicao ordinaria;SP;3505500;62090;prefeito;PSDB;45;250000984198;1631652;nao eleito;10965;51836;0.21153;0.31976000000000004;92;0;1
779;2020;1;eleicao ordinaria;SP;3505500;62090;prefeito;DEM;25;250000956080;1731223;eleito;27540;51836;0.53129;0.31976000000000004;93;1;1
780;2020;1;eleicao ordinaria;SP;3541505;69310;prefeito;PSDB;45;250000962493;1658569;nao eleito;3907;18849;0.20728;0.11237;92;0;1
781;2020;1;eleicao ordinaria;SP;3541505;69310;prefeito;PV;43;250001260438;70054;eleito;6025;18849;0.31965;0.11237;68;1;1
782;2020;1;eleicao ordinaria;SP;3530508;67113;prefeito;PSDB;45;250001154582;1724500;nao eleito;5809;29257;0.19855;0.22548999999999997;92;0;1
783;2020;1;eleicao ordinaria;SP;3530508;67113;prefeito;PSD;55;250000980639;1470754;eleito;12406;29257;0.42404;0.22548999999999997;90;1;1
786;2020;1;eleicao ordinaria;SP;3519071;61727;prefeito;PSDB;45;250000767271;1139838;nao eleito;17996;102262;0.17598;0.34450000000000003;92;0;1
787;2020;1;eleicao ordinaria;SP;3519071;61727;prefeito;PSD;55;250000637703;96488;eleito;53225;102262;0.52048;0.34450000000000003;90;1;1
788;2020;1;eleicao ordinaria;SP;3504404;61875;prefeito;PSDB;45;250001203577;1096368;nao eleito;1001;5789;0.17291;0.65418;92;0;1
789;2020;1;eleicao ordinaria;SP;3504404;61875;prefeito;PSD;55;250001198157;1225143;eleito;4788;5789;0.82709;0.65418;90;1;1
790;2020;1;eleicao ordinaria;SP;3548906;70793;prefeito;PSDB;45;250000836358;1704458;nao eleito;17882;111656;0.16015;0.32860999999999996;92;0;1
791;2020;1;eleicao ordinaria;SP;3548906;70793;prefeito;PSL;17;250000832790;1566133;eleito;54573;111656;0.48876;0.32860999999999996;97;1;1
792;2020;1;eleicao ordinaria;SP;3505302;62057;prefeito;PSDB;45;250000637326;1747280;nao eleito;3361;21030;0.15982;0.50271;92;0;1
793;2020;1;eleicao ordinaria;SP;3505302;62057;prefeito;MDB;15;250000729781;110956;eleito;13933;21030;0.66253;0.50271;91;1;1
794;2020;1;eleicao ordinaria;SP;3509205;62855;prefeito;PSDB;45;250000892621;1242625;nao eleito;2456;46446;0.05288;0.81833;92;0;1
795;2020;1;eleicao ordinaria;SP;3509205;62855;prefeito;PSD;55;250000637710;1774037;eleito;40464;46446;0.87121;0.81833;90;1;1
812;2020;1;eleicao ordinaria;SP;3539905;68993;prefeito;DEM;25;250001222605;1089157;eleito;1986;3381;0.5874;0.1748;93;1;1
813;2020;1;eleicao ordinaria;SP;3539905;68993;prefeito;PSB;40;250000786050;1134623;nao eleito;1395;3381;0.4126;0.1748;46;0;1
820;2020;1;eleicao ordinaria;SP;3512506;63517;prefeito;DEM;25;250001185922;752428;eleito;1736;3186;0.54488;0.08976;93;1;1
821;2020;1;eleicao ordinaria;SP;3512506;63517;prefeito;PDT;12;250001091979;1083259;nao eleito;1450;3186;0.45512;0.08976;48;0;1
858;2020;1;eleicao ordinaria;SP;3532157;62340;prefeito;DEM;25;250001273606;1496411;eleito;859;1932;0.44462;0.07143;93;1;1
859;2020;1;eleicao ordinaria;SP;3532157;62340;prefeito;PT;13;250000771136;1369778;nao eleito;721;1932;0.37319;0.07143;20;0;1
910;2020;1;eleicao ordinaria;SP;3547601;70530;prefeito;DEM;25;250001204736;1364595;nao eleito;1512;10212;0.14806;0.36124;93;1;1
911;2020;1;eleicao ordinaria;SP;3547601;70530;prefeito;PSB;40;250000887826;1250266;eleito;5201;10212;0.5093;0.36124;46;0;1
914;2020;1;eleicao ordinaria;SP;3516408;64297;prefeito;PTB;14;250000798606;380722;eleito;34609;49671;0.69676;0.53415;90;1;1
915;2020;1;eleicao ordinaria;SP;3516408;64297;prefeito;PDT;12;250000799178;1698926;nao eleito;8077;49671;0.16261;0.53415;48;0;1
916;2020;1;eleicao ordinaria;SP;3545506;70114;prefeito;PTB;14;250000996337;688191;eleito;1909;2885;0.6617;0.45407;90;1;1
917;2020;1;eleicao ordinaria;SP;3545506;70114;prefeito;PSB;40;250001081106;127767;nao eleito;599;2885;0.20763;0.45407;46;0;1
974;2020;1;eleicao ordinaria;SP;3509957;62103;prefeito;PTB;14;250000973962;35807;nao eleito;1062;3126;0.33973;0.01472000000000001;90;1;1
975;2020;1;eleicao ordinaria;SP;3509957;62103;prefeito;PDT;12;250000749442;1479465;eleito;1108;3126;0.35445;0.01472000000000001;48;0;1
1010;2020;1;eleicao ordinaria;SP;3513009;63614;prefeito;PSD;55;250000632001;1534372;eleito;57059;115527;0.4939;0.04596;90;1;1
1011;2020;1;eleicao ordinaria;SP;3513009;63614;prefeito;PSB;40;250001016203;37986;nao eleito;51749;115527;0.44794;0.04596;46;0;1
1026;2020;1;eleicao ordinaria;SP;3504107;61816;prefeito;PSD;55;250000688649;1253788;eleito;30725;71042;0.43249;0.20293999999999998;90;1;1
1027;2020;1;eleicao ordinaria;SP;3504107;61816;prefeito;REDE;18;250000828812;1755593;nao eleito;16308;71042;0.22955;0.20293999999999998;36;0;1
1028;2020;1;eleicao ordinaria;SP;3525805;66176;prefeito;PSD;55;250001123449;1198559;eleito;1295;3016;0.42938;0.09084999999999999;90;1;1
1029;2020;1;eleicao ordinaria;SP;3525805;66176;prefeito;PSB;40;250000790506;269955;nao eleito;1021;3016;0.33853;0.09084999999999999;46;0;1
1034;2020;1;eleicao ordinaria;SP;3503802;61751;prefeito;PSD;55;250000799682;127026;eleito;10994;27486;0.39999;0.17493;90;1;1
1035;2020;1;eleicao ordinaria;SP;3503802;61751;prefeito;PSB;40;250000641107;1712494;nao eleito;6186;27486;0.22506;0.17493;46;0;1
1046;2020;1;eleicao ordinaria;SP;3504008;61794;prefeito;PSD;55;250000682246;929226;nao eleito;15537;45434;0.34197;0.22613000000000005;90;1;1
1047;2020;1;eleicao ordinaria;SP;3504008;61794;prefeito;PDT;12;250001119780;1112276;eleito;25811;45434;0.5681;0.22613000000000005;48;0;1
1068;2020;1;eleicao ordinaria;SP;3556206;72257;prefeito;PSD;55;250001027199;1728600;eleito;12494;47273;0.26429;0.06295000000000003;90;1;1
1069;2020;1;eleicao ordinaria;SP;3556206;72257;prefeito;PDT;12;250000821270;1688461;nao eleito;9518;47273;0.20134;0.06295000000000003;48;0;1
1072;2020;2;eleicao ordinaria;SP;3513801;63770;prefeito;PSD;55;250001117769;1677869;nao eleito;101231;411099;0.24624;0.013669999999999988;90;1;1
1073;2020;2;eleicao ordinaria;SP;3513801;63770;prefeito;PT;13;250000769687;1734161;eleito;106849;411099;0.25991;0.013669999999999988;20;0;1
1084;2020;1;eleicao ordinaria;SP;3531001;67210;prefeito;MDB;15;250000974588;1292151;eleito;1178;1686;0.6987;0.42468;91;1;1
1089;2020;1;eleicao ordinaria;SP;3522307;65471;prefeito;MDB;15;250000661130;1640567;eleito;46913;75774;0.61912;0.41501;91;1;1
1090;2020;1;eleicao ordinaria;SP;3522307;65471;prefeito;PSB;40;250000859512;1474114;nao eleito;15466;75774;0.20411;0.41501;46;0;1
1099;2020;1;eleicao ordinaria;SP;3555505;72117;prefeito;MDB;15;250001108433;1550181;eleito;1784;3292;0.54192;0.14823999999999998;91;1;1
1100;2020;1;eleicao ordinaria;SP;3555505;72117;prefeito;PSB;40;250001240634;1206849;nao eleito;1296;3292;0.39368;0.14823999999999998;46;0;1
1103;2020;1;eleicao ordinaria;SP;3508603;62731;prefeito;MDB;15;250001148343;1030573;eleito;7890;16786;0.47003;0.09722000000000003;91;1;1
1104;2020;1;eleicao ordinaria;SP;3508603;62731;prefeito;PSB;40;250001045850;421951;nao eleito;6258;16786;0.37281;0.09722000000000003;46;0;1
1105;2020;1;eleicao ordinaria;SP;3518503;64718;prefeito;MDB;15;250000834532;1147372;eleito;2979;6620;0.45;0.018130000000000035;91;1;1
1106;2020;1;eleicao ordinaria;SP;3518503;64718;prefeito;PSB;40;250001218295;1243690;nao eleito;2859;6620;0.43187;0.018130000000000035;46;0;1
1121;2020;1;eleicao ordinaria;SP;3551504;71315;prefeito;MDB;15;250000741376;1752873;eleito;7600;24007;0.31657;0.025400000000000034;91;1;1
1122;2020;1;eleicao ordinaria;SP;3551504;71315;prefeito;PSB;40;250000808265;1720187;nao eleito;6990;24007;0.29117;0.025400000000000034;46;0;1
1127;2020;1;eleicao ordinaria;SP;3529104;66834;prefeito;MDB;15;250001022882;1144838;nao eleito;458;1487;0.308;0.38399999999999995;91;1;1
1128;2020;1;eleicao ordinaria;SP;3529104;66834;prefeito;PSB;40;250001271484;;eleito;1029;1487;0.692;0.38399999999999995;46;0;1
1131;2020;1;eleicao ordinaria;SP;3532306;67474;prefeito;MDB;15;250001103968;1056666;nao eleito;1308;4307;0.30369;0.28442;91;1;1
1132;2020;1;eleicao ordinaria;SP;3532306;67474;prefeito;PSB;40;250001040954;1655609;eleito;2533;4307;0.58811;0.28442;46;0;1
1147;2020;1;eleicao ordinaria;SP;3553500;71714;prefeito;MDB;15;250000841741;1401918;nao eleito;1089;4485;0.24281;0.27425;91;1;1
1148;2020;1;eleicao ordinaria;SP;3553500;71714;prefeito;PSB;40;250000841626;880129;eleito;2319;4485;0.51706;0.27425;46;0;1
1151;2020;1;eleicao ordinaria;SP;3541406;69299;prefeito;MDB;15;250001077214;13856;nao eleito;17241;108678;0.15864;0.18461;91;1;1
1152;2020;1;eleicao ordinaria;SP;3541406;69299;prefeito;PSB;40;250001025691;294852;eleito;37304;108678;0.34325;0.18461;46;0;1
1153;2020;1;eleicao ordinaria;SP;3545209;70050;prefeito;PL;22;250000637681;1196597;eleito;32619;38605;0.84494;0.7450600000000001;90;1;1
1154;2020;1;eleicao ordinaria;SP;3545209;70050;prefeito;PT;13;250000639005;1518599;nao eleito;3856;38605;0.09988;0.7450600000000001;20;0;1
1159;2020;1;eleicao ordinaria;SP;3543303;69671;prefeito;PL;22;250000942127;1011624;eleito;25905;37152;0.69727;0.5600799999999999;90;1;1
1160;2020;1;eleicao ordinaria;SP;3543303;69671;prefeito;PT;13;250001220623;1750672;nao eleito;5097;37152;0.13719;0.5600799999999999;20;0;1
1165;2020;1;eleicao ordinaria;SP;3546009;70211;prefeito;PL;22;250000791249;1523728;eleito;4382;8556;0.51216;0.29745999999999995;90;1;1
1166;2020;1;eleicao ordinaria;SP;3546009;70211;prefeito;PDT;12;250001080261;60469;nao eleito;1837;8556;0.2147;0.29745999999999995;48;0;1
1167;2020;1;eleicao ordinaria;SP;3545001;70017;prefeito;PL;22;250000744105;1734055;eleito;4879;10669;0.45731;0.08305000000000001;90;1;1
1168;2020;1;eleicao ordinaria;SP;3545001;70017;prefeito;PDT;12;250001139910;4509;nao eleito;3993;10669;0.37426;0.08305000000000001;48;0;1
1177;2020;1;eleicao ordinaria;SP;3553401;71692;prefeito;PL;22;250001208584;1517704;nao eleito;5792;14704;0.39391;0.0008100000000000329;90;1;1
1178;2020;1;eleicao ordinaria;SP;3553401;71692;prefeito;PSB;40;250001209011;1406796;eleito;5804;14704;0.39472;0.0008100000000000329;46;0;1
1187;2020;1;eleicao ordinaria;SP;3505005;62014;prefeito;PL;22;250001128821;5004;nao eleito;392;2101;0.18658;0.46787;90;1;1
1188;2020;1;eleicao ordinaria;SP;3505005;62014;prefeito;PDT;12;250000945439;1411027;eleito;1375;2101;0.65445;0.46787;48;0;1
1191;2020;1;eleicao ordinaria;SP;3552403;71498;prefeito;CIDADANIA;23;250001098703;128609;eleito;67571;111354;0.60681;0.3789199999999999;87;1;1
1192;2020;1;eleicao ordinaria;SP;3552403;71498;prefeito;PDT;12;250001083559;171946;nao eleito;25377;111354;0.22789;0.3789199999999999;48;0;1
1199;2020;1;eleicao ordinaria;SP;3508306;62677;prefeito;CIDADANIA;23;250001240145;1086041;nao eleito;741;2671;0.27742;0.11008000000000001;87;1;1
1200;2020;1;eleicao ordinaria;SP;3508306;62677;prefeito;PSB;40;250000954166;1098948;eleito;1035;2671;0.3875;0.11008000000000001;46;0;1
1207;2020;1;eleicao ordinaria;SP;3503208;61638;prefeito;PATRIOTA;51;250000633660;1205491;nao eleito;37774;105025;0.35967;0.10122000000000003;94;1;1
1208;2020;1;eleicao ordinaria;SP;3503208;61638;prefeito;PT;13;250000641979;900306;eleito;48405;105025;0.46089;0.10122000000000003;20;0;1
1214;2020;1;eleicao ordinaria;SP;3543709;69752;prefeito;PSL;17;250001111594;1265792;eleito;2358;5403;0.43642;0.06588999999999995;97;1;1
1215;2020;1;eleicao ordinaria;SP;3543709;69752;prefeito;PT;13;250001129755;1684768;nao eleito;2002;5403;0.37053;0.06588999999999995;20;0;1
1216;2020;1;eleicao ordinaria;SP;3534104;67830;prefeito;PDT;12;250001002486;1711566;eleito;2120;3953;0.5363;0.0726;48;0;1
1217;2020;1;eleicao ordinaria;SP;3534104;67830;prefeito;SOLIDARIEDADE;77;250000874507;1432541;nao eleito;1833;3953;0.4637;0.0726;89;1;1
1220;2020;1;eleicao ordinaria;SP;3501608;61310;prefeito;PDT;12;250000800529;1580118;nao eleito;29562;110563;0.26738;0.09453;48;0;1
1221;2020;1;eleicao ordinaria;SP;3501608;61310;prefeito;PV;43;250000800717;751788;eleito;40014;110563;0.36191;0.09453;68;1;1
